employee_id,name,age,gender,city,department,salary,join_date,years_experience
1648,Rabia,51,,Faisalabad,Operations,203776,2021-12-29,13.3
1579,Anum,42,Female,Lahore,Engineering,200746,2022-02-05,17.1
1407,Amna,30,Male,Peshawar,Operations,,2024-05-06,14.7
1449,Bilal,30,Female,Islamabad,Support,206183,2025-12-19,12.1
1382,Noor,40,Female,Lahore,Finance,,2022-12-20,18.2
1594,Sara,26,Female,Karachi,Operations,42619,2023-10-11,1.4
1773,Talha,,Female,Sialkot,Sales,153859,2023-03-17,
1738,Saad,33,Female,Rawalpindi,Operations,181545,,17.0
1611,Ayesha,30,Female,Sialkot,Finance,165109,2020-04-16,19.0
1517,Rabia,48,Female,Faisalabad,Marketing,88176,2024-12-25,0.2
1725,Usman,53,Female,Peshawar,Support,143372,2023-02-23,15.9
1198,Saad,35,Female,Sialkot,Finance,76868,2025-09-11,18.5
1527,Iqra,33,Male,Quetta,Sales,101694,2021-06-14,10.1
1678,Rabia,40,Male,Multan,Marketing,200191,2025-03-10,0.1
1164,Mariam,27,Male,Islamabad,,41890,,
1201,Bilal,56,Female,Islamabad,Finance,,2019-09-06,
1214,Zain,41,Male,Peshawar,Finance,175413,2018-07-31,
1488,Kashif,,Male,Lahore,Engineering,148229,2022-06-04,2.6
1693,Hina,49,Female,Wah Cantt,Support,150741,2025-12-14,9.7
1462,Zain,41,Female,Wah Cantt,Support,156552,2021-09-14,16.9
1005,Sadia,34,Male,Faisalabad,Marketing,201640,2019-10-29,7.1
1052,Iqra,21,,Karachi,HR,57006,2019-07-10,3.6
1166,Waleed,24,Male,Peshawar,Marketing,,,3.6
1338,Sana,28,Male,Quetta,Finance,194473,2025-12-29,8.5
1327,Bilal,44,Male,Islamabad,Operations,,2023-02-20,
1457,Junaid,50,Male,Faisalabad,Marketing,191500,2018-01-30,7.5
1149,Noor,,Female,Islamabad,Finance,84103,2023-11-15,
1247,Zara,39,Male,Multan,Support,126304,2019-02-04,14.4
1291,Sadia,39,Male,Peshawar,Marketing,145052,2018-09-03,14.2
1798,Sadia,55,Female,Peshawar,Marketing,115103,2023-08-10,6.8
1551,Saad,42,,Lahore,Marketing,68437,2018-09-13,18.0
1134,Adeel,30,Female,Multan,Engineering,142156,,1.0
1302,Rizwan,29,Female,Karachi,Marketing,165781,2024-03-05,1.2
1450,Hamza,48,,Multan,Sales,143524,2020-01-24,2.5
1116,Zara,47,Female,Multan,Finance,127181,2024-06-25,4.3
1009,Hamza,57,,Lahore,Finance,92493,2023-09-19,1.8
1148,Kashif,24,Female,Multan,Marketing,,2024-06-13,14.4
1767,Sara,37,Female,Peshawar,Support,36352,2020-03-08,
1667,Mariam,45,Female,Sialkot,HR,42262,2021-06-25,9.7
1443,Zara,45,Male,Wah Cantt,Marketing,185966,2019-02-14,
1439,Sadia,37,Female,Faisalabad,Engineering,139301,2024-06-20,1.1
1737,Asad,30,Male,Multan,Operations,154986,2025-11-25,17.3
1622,Adeel,45,Female,Islamabad,Engineering,209788,2022-06-17,14.3
1793,Mariam,36,Female,Islamabad,Marketing,,2024-02-18,15.7
1458,Rizwan,55,Male,Lahore,Operations,204342,2022-03-30,5.3
1344,Sana,28,Female,Wah Cantt,Engineering,206556,2020-06-29,4.5
1659,Talha,56,Male,Wah Cantt,Support,163020,2025-09-30,
1313,Ayesha,51,Male,Sialkot,Marketing,125914,2019-11-19,16.4
1775,Fahad,,Male,Lahore,Finance,128163,,8.9
1791,Usman,25,Male,Multan,HR,,2018-06-18,10.2
1453,Rabia,38,Male,Multan,Engineering,42489,2025-06-10,17.2
1118,Hira,55,Male,Wah Cantt,Marketing,106636,2021-10-23,0.1
1736,Fahad,55,Male,Wah Cantt,,201844,2022-12-08,14.6
1322,Talha,31,Male,Peshawar,Marketing,151857,2020-12-14,9.3
1167,Noor,52,Female,Multan,Support,114724,2019-10-26,18.7
1599,Mariam,,Female,Lahore,Engineering,,2020-07-29,
1091,Omar,23,Female,Peshawar,Operations,73160,2023-12-16,11.3
1490,Junaid,28,Female,Faisalabad,Operations,,2020-03-14,
1374,Ayesha,48,,Rawalpindi,HR,165764,2023-12-13,11.1
1046,Amna,53,Male,Multan,Support,178621,2019-10-14,9.0
1033,Rizwan,42,Female,Faisalabad,Operations,,,15.0
1200,Zara,46,Female,Quetta,Operations,,2018-12-02,8.9
1224,Adeel,47,Female,Karachi,Support,98168,2024-12-13,5.0
1324,Mariam,55,Male,Multan,Finance,175381,2024-06-03,9.5
1591,Zara,46,Female,Islamabad,HR,,,
1060,Hira,54,Male,Faisalabad,Operations,119490,2018-12-21,17.6
1405,Talha,57,Female,Islamabad,Support,,2023-04-18,7.3
1512,Kashif,30,Female,Quetta,Operations,,2019-08-06,16.6
1072,Hina,20,Male,Quetta,Finance,111351,2020-08-06,14.1
1436,Bilal,55,Female,Islamabad,HR,,2021-01-07,18.9
1794,Ayesha,27,Female,Rawalpindi,Finance,122492,2025-07-28,5.0
1546,Hina,50,Male,Wah Cantt,Support,,2022-11-01,11.3
1778,Asad,55,Female,Rawalpindi,Finance,87526,2018-10-08,3.8
1429,Adeel,53,Female,Multan,Finance,129303,2025-05-06,19.5
1142,Asad,,Male,Karachi,Operations,203081,2022-03-01,
1368,Asad,35,Male,Multan,Sales,58073,2023-01-06,2.4
1106,Ali,23,Female,Multan,Support,,,4.3
1026,Fahad,53,Male,Multan,Support,97570,2022-06-10,13.4
1417,Anum,,,Quetta,Sales,134145,2019-06-26,
1463,Sara,37,Male,Sialkot,Finance,82606,2020-10-21,16.6
1215,Hira,22,Male,Faisalabad,Operations,160670,2021-09-25,19.1
1567,Mariam,44,Female,Wah Cantt,Finance,174052,2018-02-18,18.5
1349,Usman,47,Male,Rawalpindi,Support,135484,2018-06-04,4.0
1236,Amna,44,Male,Rawalpindi,HR,105361,2019-08-21,3.3
1671,Mariam,58,Male,Karachi,Engineering,96849,2020-06-11,2.1
1228,Anum,24,Female,Karachi,Finance,82016,2018-03-06,11.7
1180,Talha,52,Female,Rawalpindi,HR,122304,2023-10-29,
1370,Waleed,39,Female,Multan,Marketing,124352,2018-08-11,16.9
1605,Sadia,24,Male,Peshawar,Finance,112749,,10.8
1305,Ali,37,Female,Peshawar,HR,188089,2019-10-16,5.0
1088,Rabia,29,Male,Sialkot,Finance,104474,2024-12-27,13.0
1626,Kashif,56,Male,Wah Cantt,Operations,,2023-07-03,16.5
1039,Amna,32,Female,Quetta,Engineering,198356,2025-06-10,14.4
1780,Rizwan,22,Female,Islamabad,Engineering,216723,,4.3
1403,Kashif,42,Female,Islamabad,Operations,,2018-12-02,17.2
1492,Zara,42,Male,Rawalpindi,HR,114906,,16.4
1789,Saad,51,Male,Rawalpindi,Marketing,,2025-04-15,4.1
1504,Bilal,55,Female,Wah Cantt,Support,73147,2021-07-29,19.2
1446,Sana,26,Male,Wah Cantt,Finance,,2024-04-02,6.9
1433,Mahnoor,52,Female,Wah Cantt,Finance,216978,,9.7
1692,Junaid,29,Male,Multan,HR,73960,2020-07-30,0.7
1076,Hira,36,Male,Sialkot,Marketing,211234,2024-06-18,15.3
1112,Saad,40,Male,Peshawar,Marketing,,2022-10-29,15.9
1299,Usman,32,Female,Peshawar,HR,,2020-11-26,0.4
1573,Fatima,49,Male,Faisalabad,Support,216461,2020-11-20,15.6
1727,Noor,23,Female,Rawalpindi,Support,185616,2025-01-31,19.5
1687,Saad,,Male,Sialkot,Support,181014,2018-08-02,18.6
1037,Ayesha,36,,Wah Cantt,Finance,,2022-11-15,14.6
1585,Kashif,,Male,Wah Cantt,Engineering,,2024-11-26,1.3
1570,Omar,31,Female,Lahore,Sales,52813,2022-08-12,10.5
1347,Usman,32,Female,Karachi,Marketing,72545,2020-01-09,9.8
1097,Fatima,48,,Multan,Marketing,58627,2021-08-31,3.5
1628,Ayesha,38,Female,Karachi,HR,42456,2021-02-09,19.9
1319,Rabia,54,Female,Quetta,Marketing,60143,,11.0
1509,Saad,40,Female,Rawalpindi,Marketing,,2022-04-08,
1050,Talha,50,Female,Quetta,Engineering,,,18.0
1637,Saad,34,Male,Multan,Marketing,55605,2025-09-30,1.6
1151,Rabia,21,Male,Rawalpindi,Marketing,207255,2024-07-11,2.7
1326,Usman,22,Male,Peshawar,Operations,87931,2024-09-03,6.4
1190,Rabia,57,Female,Multan,Engineering,202233,2018-08-04,8.3
1749,Sara,40,Male,Peshawar,HR,137220,2021-08-03,8.3
1335,Saad,32,Female,Sialkot,Sales,201568,2025-08-22,4.8
1427,Hamza,34,Male,Peshawar,Finance,135748,2024-11-19,
1318,Waleed,,Female,Islamabad,Operations,61544,2020-04-21,
1645,Amna,48,Female,Karachi,Marketing,147187,2018-10-13,18.8
1396,Mariam,28,Female,Peshawar,Finance,113133,2018-02-15,17.5
1598,Omar,28,,Peshawar,Engineering,70783,2023-03-22,8.4
1307,Anum,57,Female,Karachi,Finance,182615,2023-07-10,6.2
1556,Noor,55,Male,Faisalabad,Engineering,83704,2024-10-12,11.6
1281,Rabia,35,Female,Lahore,Operations,65405,,1.1
1412,Adeel,28,Female,Sialkot,Marketing,169883,2020-05-16,3.7
1226,Waleed,22,Male,Quetta,Operations,179887,2018-08-18,14.1
1292,Sara,34,Female,Sialkot,Support,155182,2024-07-06,10.1
1558,Fahad,50,Male,Peshawar,Engineering,,2018-11-17,17.8
1477,Asad,37,Female,Sialkot,HR,55430,2023-10-29,2.0
1152,Iqra,41,Male,Sialkot,Support,200605,2019-07-07,14.3
1080,Zara,51,Female,Multan,Operations,178974,2021-03-25,17.6
1264,Junaid,45,Male,Wah Cantt,Operations,199577,2022-03-17,1.5
1476,Anum,33,Male,Sialkot,Engineering,,2022-08-31,15.9
1084,Junaid,46,Male,Rawalpindi,Engineering,109144,,20.0
1534,Kashif,52,Female,Rawalpindi,Support,84862,2023-06-04,6.2
1528,Junaid,20,Male,Wah Cantt,Sales,,2018-04-30,3.9
1710,Sadia,21,Female,Wah Cantt,Finance,205325,2022-11-20,3.8
1630,Ali,36,,Peshawar,Finance,118802,2025-10-10,7.1
1480,Amna,30,Male,Faisalabad,Support,179200,2022-03-03,15.3
1699,Hina,35,Male,Karachi,Support,77713,2022-07-07,12.9
1277,Adeel,20,Male,Multan,Engineering,183997,2022-02-05,13.7
1521,Hina,,,Lahore,Sales,,2022-01-15,1.9
1274,Rizwan,26,Female,Faisalabad,Engineering,127152,2021-07-12,5.0
1532,Hira,44,Female,Sialkot,Support,43291,2022-08-23,9.9
1474,Ayesha,26,Male,Faisalabad,Marketing,81829,2020-04-07,9.7
1136,Bilal,57,Female,Sialkot,Sales,,2025-12-13,6.2
1464,Junaid,35,Male,Lahore,Finance,87213,2019-01-20,13.3
1553,Saad,44,Male,Faisalabad,Operations,208667,2023-04-30,3.8
1387,Hina,46,Female,Lahore,Finance,126593,2020-05-23,6.6
1739,Ayesha,,Female,Faisalabad,Support,65865,2021-06-02,6.1
1707,Omar,31,Female,Islamabad,Support,211530,2022-11-12,0.4
1342,Waleed,51,Male,Wah Cantt,Marketing,136783,,16.3
1057,Talha,32,,Quetta,HR,61712,,
1779,Saad,,Male,Rawalpindi,Engineering,196507,2022-09-11,3.2
1023,Amna,51,Male,Peshawar,Operations,,2024-01-30,15.0
1023,Amna,51,Male,Peshawar,Operations,,2024-01-30,15.0
1276,Rabia,45,Female,Islamabad,,136157,2020-09-14,12.8
1034,Sadia,30,Female,Wah Cantt,Sales,122080,2025-07-06,5.3
1253,Zara,,Female,Multan,HR,,2018-12-14,6.3
1460,Waleed,,Male,Rawalpindi,Operations,84227,2018-03-21,
1766,Noor,46,Female,Peshawar,HR,164911,2023-10-20,17.7
1314,Kashif,20,Male,Lahore,Sales,126876,2019-03-19,1.0
1730,Omar,44,Male,Sialkot,Sales,91029,2023-09-27,6.2
1358,Anum,33,Male,Islamabad,Engineering,38342,,13.4
1748,Ayesha,54,Female,Quetta,Marketing,101992,2019-09-24,19.0
1359,Bilal,52,Female,Karachi,Sales,154734,2020-12-17,1.0
1769,Ali,50,Male,Faisalabad,Engineering,100643,2019-03-18,4.8
1111,Saad,48,Male,Lahore,Finance,52218,,
1700,Ayesha,39,Female,Sialkot,Marketing,129121,2022-02-14,4.0
1321,Hina,38,Female,Rawalpindi,Finance,139193,2023-06-27,
1231,Hira,45,Male,Lahore,Operations,153109,2020-07-23,11.1
1186,Adeel,44,Female,Quetta,Sales,178202,2025-07-31,12.2
1054,Ali,54,Female,Quetta,Sales,205853,2018-05-08,4.0
1062,Omar,,Male,Lahore,Sales,170430,2018-12-17,14.4
1555,Amna,47,Male,Peshawar,Finance,,,
1138,Omar,51,Female,Peshawar,Support,55228,2019-02-19,
1235,Hira,40,Male,Peshawar,HR,136659,2024-04-10,11.4
1609,Zara,42,Female,Rawalpindi,Sales,,2025-08-10,18.0
1263,Usman,46,Male,Wah Cantt,Marketing,218874,2020-10-19,14.2
1114,Omar,47,Male,Peshawar,Support,215046,2018-10-02,16.6
1722,Adeel,26,Female,Multan,Finance,76165,2025-12-10,15.2
1119,Fahad,45,Male,Lahore,HR,,2020-05-31,8.4
1642,Anum,33,Female,Multan,Marketing,150255,2020-01-11,19.6
1271,Ali,20,Female,Rawalpindi,Marketing,160226,2020-07-26,1.8
1077,Sana,53,Male,Wah Cantt,Operations,201405,2019-01-09,7.0
1022,Rizwan,23,Male,Islamabad,Engineering,104521,2021-03-14,
1683,Hina,56,Male,Peshawar,Operations,153936,2019-05-01,14.3
1752,Anum,21,Female,Faisalabad,Support,,2025-04-22,6.1
1008,Rizwan,40,Female,Islamabad,Marketing,72452,2019-07-26,
1353,Rabia,28,Male,Faisalabad,Engineering,67286,2025-12-22,7.5
1740,Ali,29,,Wah Cantt,Operations,114996,2020-06-02,16.4
1494,Mariam,29,Male,Wah Cantt,Engineering,114984,2023-04-14,
1379,Amna,54,Female,Lahore,Operations,41624,2019-08-19,13.4
1758,Hira,41,Male,Karachi,Engineering,194589,2018-01-18,13.5
1262,Hira,54,Male,,Marketing,,2020-12-31,19.7
1771,Ayesha,25,Female,Quetta,Support,216761,2019-06-07,18.4
1354,Junaid,,Female,Multan,Operations,208531,2025-05-01,1.0
1375,Asad,57,Male,Karachi,Sales,68654,,12.1
1306,Hamza,54,Female,Wah Cantt,Engineering,128009,2019-12-23,11.9
1764,Fahad,31,,Multan,Sales,68405,2024-05-23,17.6
1025,Amna,35,Female,Karachi,HR,,,
1569,Mahnoor,26,,Islamabad,HR,212023,,
1440,Sana,54,Male,Rawalpindi,Sales,214919,2023-02-16,14.0
1563,Hamza,36,Female,Peshawar,Sales,190128,2025-05-23,7.4
1109,Adeel,27,Female,Peshawar,Finance,,2019-03-23,
1455,Noor,53,Female,Rawalpindi,Support,176470,2019-01-02,6.2
1020,Iqra,48,Female,Wah Cantt,Engineering,156275,2018-11-05,
1543,Hamza,43,Female,Sialkot,Engineering,120134,2023-06-20,1.3
1657,Mariam,35,,Islamabad,Sales,114930,2021-10-14,0.4
1270,Noor,25,Male,Peshawar,Support,55431,2024-08-28,10.4
1378,Saad,31,Female,Quetta,Operations,65252,2024-04-22,11.7
1568,Talha,40,Female,Karachi,HR,,2025-04-24,6.7
1495,Zain,33,Male,Wah Cantt,Support,198326,2025-10-18,
1367,Bilal,51,Female,Karachi,Engineering,,2020-07-01,12.9
1797,Mahnoor,55,Male,Wah Cantt,HR,117070,2022-10-23,4.2
1173,Rabia,42,Male,Peshawar,Operations,118654,2023-03-26,5.3
1413,Hira,27,Female,Karachi,Engineering,161226,2023-05-17,11.8
1646,Hina,20,Female,Islamabad,Engineering,172012,2019-05-04,
1723,Rabia,26,Female,Karachi,HR,67239,2022-12-04,15.4
1660,Mahnoor,41,Female,Multan,Operations,87889,2025-02-15,
1410,Asad,,Female,Karachi,Sales,133739,,13.1
1092,Hina,31,Male,Sialkot,Marketing,,2019-08-10,9.2
1781,Rabia,41,Male,Lahore,Marketing,36763,2018-02-10,
1447,Ayesha,,Male,Wah Cantt,Sales,109608,2021-08-24,9.7
1470,Zara,28,Female,Karachi,Engineering,181544,2024-02-02,3.8
1445,Iqra,40,Female,Karachi,Operations,139438,2025-09-29,1.2
1163,Amna,42,Female,Sialkot,Marketing,113631,2025-12-25,
1604,Ali,49,Male,,Marketing,83482,2025-01-11,14.1
1649,Sana,52,Male,Quetta,Operations,67031,2023-06-28,4.6
1261,Saad,,Female,Lahore,HR,89164,,7.0
1647,Ayesha,30,Female,Faisalabad,Sales,,2022-07-14,4.7
1544,Zara,50,Female,Multan,Marketing,,2019-06-06,2.1
1121,Hamza,48,Female,Peshawar,Engineering,143575,2020-06-01,2.3
1763,Ayesha,,Male,Wah Cantt,Engineering,179647,,
1706,Asad,45,Male,Wah Cantt,HR,,2023-02-07,12.5
1269,Hina,37,Female,Karachi,HR,132476,2018-08-01,12.5
1158,Hamza,23,Male,Multan,Operations,43163,2024-10-24,0.7
1115,Noor,26,Male,Lahore,Engineering,,2024-04-19,13.4
1094,Saad,36,Female,Faisalabad,Engineering,161670,2020-08-29,
1432,Ali,36,Female,Rawalpindi,Operations,181441,2023-08-23,6.8
1208,Sara,,Male,Islamabad,Support,52639,2024-08-29,8.9
1278,Junaid,24,,Quetta,Sales,103730,2018-06-13,19.0
1615,Junaid,23,Female,Multan,Marketing,,2019-10-21,5.7
1652,Iqra,41,Female,Karachi,Finance,147828,2022-04-21,6.3
1694,Ayesha,29,Female,Lahore,Support,109479,2019-11-21,
1135,Bilal,41,Female,Multan,Engineering,109487,,17.5
1718,Hina,32,Female,Karachi,Finance,164427,2020-08-19,11.1
1286,Anum,29,Female,Islamabad,Finance,93855,2020-10-13,18.3
1487,Sara,40,,Sialkot,Operations,166701,2019-09-20,13.5
1564,Hamza,35,Female,Peshawar,Finance,124875,,18.7
1519,Bilal,,Male,Lahore,Engineering,,2020-04-30,3.7
1205,Hina,28,Female,Quetta,Sales,133958,2018-11-25,2.7
1592,Adeel,34,Male,Faisalabad,Operations,85782,2019-09-04,10.0
1001,Sara,21,Male,Sialkot,HR,182127,2025-04-15,8.4
1288,Rizwan,49,Female,Lahore,Finance,179989,2018-02-02,
1169,Iqra,25,Female,Faisalabad,Support,,2024-10-14,
1655,Sana,57,Female,Multan,Operations,51101,2024-08-15,2.6
1578,Sana,47,Male,Sialkot,Engineering,35867,2025-09-24,
1297,Usman,25,Female,Islamabad,Operations,212519,2020-12-01,0.6
1634,Ayesha,33,Male,Quetta,HR,,2025-09-25,
1484,Zara,57,Female,Karachi,HR,,,18.4
1122,Ayesha,,Female,Peshawar,Finance,46905,,1.1
1784,Ali,28,Female,Wah Cantt,Support,114972,2020-09-10,16.2
1341,Hamza,39,Male,Multan,Marketing,,2022-07-14,13.6
1189,Zara,48,Female,Peshawar,Finance,176184,2024-04-21,
1273,Waleed,30,Female,Peshawar,Support,,2025-09-13,17.2
1219,Anum,,Female,Peshawar,Support,86430,2020-07-31,11.4
1662,Hamza,,Male,Islamabad,Support,89981,2018-11-11,10.1
1559,Mariam,50,Female,Rawalpindi,Finance,195704,2021-11-08,15.6
1414,Ali,35,Male,Wah Cantt,Operations,,,2.9
1593,Amna,22,Female,Multan,Support,148946,,16.1
1266,Waleed,42,Female,Islamabad,Operations,147628,2023-07-20,6.5
1676,Anum,48,Female,Rawalpindi,Engineering,55996,2023-04-14,18.5
1541,Waleed,,Female,Sialkot,Engineering,,2018-11-18,11.4
1267,Omar,,Male,Karachi,Operations,125109,2018-07-08,12.5
1311,Rabia,47,Male,Karachi,HR,,2019-12-20,6.1
1381,Ayesha,55,Female,Sialkot,Marketing,168935,2025-10-09,18.5
1562,Mahnoor,21,Female,Islamabad,Marketing,167538,2021-02-12,2.7
1043,Omar,25,Female,Quetta,Finance,73627,2018-07-09,
1577,Waleed,20,Male,Rawalpindi,Support,218515,,0.1
1031,Ali,41,Male,Islamabad,Engineering,179619,2024-04-16,2.2
1641,Bilal,,Male,Peshawar,Operations,85213,2019-12-05,0.1
1051,Mariam,37,Female,Wah Cantt,Engineering,123114,2019-11-08,
1531,Amna,41,Male,Sialkot,Engineering,43171,2022-03-17,
1777,Usman,50,Male,Peshawar,Support,,2024-07-30,
1552,Ali,55,Female,Multan,HR,96667,,7.9
1602,Talha,50,Male,Wah Cantt,Marketing,,2018-02-20,19.0
1583,Talha,27,Male,Quetta,Support,186872,2018-10-23,14.7
1172,Hina,48,Female,Sialkot,Support,,2019-08-12,17.2
1141,Fatima,50,Female,Multan,Engineering,156026,2022-04-14,10.5
1416,Sadia,50,Female,Karachi,Finance,187737,2024-12-27,5.3
1735,Bilal,25,Female,Multan,Finance,91304,2018-11-16,13.5
1043,Omar,25,Female,Quetta,Finance,73627,2018-07-09,
1150,Iqra,52,Female,Karachi,Engineering,158243,2025-02-16,19.6
1485,Rabia,40,Female,Karachi,Support,191036,,7.6
1481,Asad,,Female,Karachi,Operations,,2020-11-06,19.2
1571,Zara,34,Male,Rawalpindi,Finance,,2019-01-12,18.8
1479,Junaid,56,Male,Sialkot,Support,62289,2020-01-09,8.0
1418,Sadia,52,Male,Peshawar,Support,81510,,
1796,Junaid,20,Male,Sialkot,Sales,94658,2020-05-09,
1624,Rabia,46,Female,Islamabad,Support,143578,,1.7
1560,Kashif,52,,Karachi,Finance,127514,2021-03-30,
1030,Zain,41,Male,Rawalpindi,Operations,100829,2019-01-14,16.6
1668,Noor,22,Female,Rawalpindi,HR,42639,2021-02-11,3.5
1320,Usman,23,Male,Rawalpindi,Finance,,2023-05-22,1.9
1606,Mahnoor,,Male,Peshawar,Finance,48516,2022-04-18,9.3
1027,Kashif,40,Male,Quetta,Support,,2020-05-23,5.3
1230,Mahnoor,25,Female,Multan,Support,149580,2018-11-08,
1056,Hira,58,Female,Sialkot,Operations,186698,,13.5
1581,Sana,25,Male,Peshawar,Finance,85618,2024-08-25,9.8
1513,Bilal,52,Female,Rawalpindi,HR,138040,2021-08-17,0.5
1557,Saad,52,Female,Sialkot,Finance,43771,2024-05-16,14.1
1501,Mariam,29,Male,Rawalpindi,HR,58014,,17.5
1590,Kashif,46,Female,Quetta,Finance,191309,,19.0
1095,Fatima,38,Male,Faisalabad,Sales,183354,2024-10-19,16.7
1620,Usman,55,Female,Wah Cantt,Marketing,196879,2023-01-01,1.8
1498,Rizwan,40,Female,Lahore,Marketing,,2023-02-19,18.5
1087,Talha,29,Female,Multan,Engineering,61309,2019-02-13,18.2
1220,Sana,55,Male,Karachi,Operations,155803,2021-12-13,
1147,Rabia,58,Female,Rawalpindi,Sales,97295,2019-05-15,
1716,Sana,42,Female,Rawalpindi,Engineering,189051,2024-10-02,2.6
1268,Ali,27,Male,Quetta,Engineering,147145,2025-09-21,17.6
1213,Sadia,29,Female,Lahore,HR,,2023-12-11,7.8
1653,Kashif,49,Female,Karachi,HR,78029,2022-10-31,6.2
1640,Ali,25,Male,Rawalpindi,Marketing,127327,,
1000,Waleed,27,Male,Lahore,Engineering,71579,2025-08-03,1.7
1430,Hamza,45,Male,Lahore,Finance,170723,2025-11-22,
1086,Sadia,32,,Sialkot,Sales,142682,2021-07-27,14.1
1003,Ayesha,25,Female,Faisalabad,Marketing,193263,2018-06-27,10.7
1385,Ali,41,Male,Faisalabad,Support,,,16.9
1362,Kashif,37,Female,Wah Cantt,Engineering,64637,2025-10-22,19.6
1711,Junaid,49,Female,Rawalpindi,Marketing,65528,2019-09-17,19.3
1542,Asad,49,Male,Sialkot,HR,158350,2020-07-05,
1073,Bilal,34,,Rawalpindi,Finance,146447,2024-02-09,13.0
1176,Kashif,35,,Faisalabad,Operations,48248,,17.6
1293,Bilal,,Female,Faisalabad,Marketing,97068,2020-12-05,18.5
1401,Sana,48,Female,Quetta,Support,,2022-02-01,19.2
1529,Anum,50,Female,Karachi,HR,161221,2025-01-13,
1669,Rabia,51,Female,Islamabad,Support,192705,2018-09-18,17.9
1146,Saad,28,Male,Quetta,Engineering,55768,2020-11-14,
1422,Adeel,20,Male,Quetta,Support,142176,2019-03-13,
1360,Sadia,22,Female,Multan,Support,146672,2019-01-25,0.2
1466,Zain,43,Male,Rawalpindi,Marketing,200913,2021-08-22,3.3
1337,Sara,,Male,Quetta,Engineering,212653,2021-01-07,10.3
1272,Ayesha,40,Female,Peshawar,Operations,69903,2018-10-08,
1434,Junaid,41,Male,Faisalabad,HR,161345,2020-11-22,7.7
1154,Sana,36,Male,Multan,HR,47531,2021-01-24,16.0
1129,Hina,51,,Rawalpindi,Sales,,,6.5
1052,Iqra,21,,Karachi,HR,57006,2019-07-10,3.6
1520,Waleed,42,Male,Rawalpindi,HR,121798,2018-07-20,8.3
1478,Iqra,44,Male,Peshawar,HR,184429,2024-04-06,8.3
1096,Junaid,,Female,Quetta,HR,197762,2025-08-08,12.6
1265,Talha,52,Female,Quetta,Operations,,2018-01-11,14.6
1041,Amna,,,Quetta,Marketing,178638,2021-05-29,
1300,Zain,48,Male,Karachi,Sales,46192,2018-07-27,18.5
1639,Sara,24,Male,Karachi,Sales,192756,2024-08-03,3.7
1483,Zain,40,Male,Islamabad,Support,59716,2023-03-01,3.1
1537,Waleed,33,Male,Rawalpindi,Sales,,2021-07-31,13.4
1364,Sana,51,Female,Multan,Support,51603,2025-05-06,
1525,Hira,56,Male,Islamabad,,164107,2024-11-01,14.2
1047,Asad,37,Female,Islamabad,Marketing,106984,2018-11-14,4.7
1059,Asad,51,Female,Multan,Marketing,75105,2019-12-23,19.3
1435,Amna,34,Female,Faisalabad,Sales,218715,2020-10-13,1.9
1082,Asad,27,Female,Karachi,Support,165646,2023-09-16,8.3
1762,Mariam,51,Female,Faisalabad,,,2020-05-06,3.9
1296,Sadia,27,Female,Peshawar,HR,,2018-06-15,16.7
1587,Ayesha,37,Female,Lahore,Support,180072,2022-12-02,18.5
1392,Iqra,47,Male,Wah Cantt,Marketing,121957,2018-12-25,1.1
1409,Anum,43,Female,Quetta,Support,45460,2019-02-27,12.7
1426,Hira,23,Male,Lahore,Engineering,58878,,8.7
1348,Omar,23,Male,Faisalabad,Support,,2019-10-11,15.7
1233,Rabia,44,Female,Wah Cantt,Finance,36361,2022-12-27,15.2
1309,Zain,28,Female,Lahore,Engineering,40744,2024-07-30,
1788,Talha,52,Female,Multan,HR,81923,2025-12-28,10.5
1075,Saad,45,Male,Sialkot,,149755,2024-09-15,17.8
1616,Asad,29,Female,Rawalpindi,Support,,2019-06-03,5.2
1576,Saad,36,Female,Sialkot,Marketing,184774,2023-01-01,17.9
1357,Sana,,Male,Wah Cantt,Finance,128827,2021-04-24,0.8
1629,Hira,,Female,Karachi,Operations,102609,2025-10-14,
1346,Fahad,24,Male,Rawalpindi,Sales,213440,2023-12-11,8.3
1361,Amna,30,Female,Multan,Operations,59366,2021-11-04,2.3
1600,Sana,,Female,Sialkot,Engineering,38802,2020-10-07,
1185,Saad,33,Male,Quetta,Finance,51326,2023-10-26,11.2
1017,Mariam,57,Male,Sialkot,Engineering,95015,2018-05-09,1.4
1635,Saad,27,Male,Sialkot,Engineering,69401,2023-05-19,6.2
1719,Zara,36,Female,Karachi,Finance,51689,2022-10-30,12.4
1126,Hina,49,Male,Faisalabad,Operations,98783,2024-08-09,10.5
1684,Sadia,37,Female,Quetta,Marketing,148064,2024-09-23,19.9
1499,Sara,35,Female,Karachi,Operations,138127,2018-03-17,13.7
1415,Hamza,31,Male,Multan,Marketing,208472,2018-12-18,9.0
1709,Zara,45,Male,Multan,HR,38637,2019-04-04,13.9
1029,Ali,55,Female,Peshawar,Support,65258,2024-03-16,
1356,Amna,53,Male,Wah Cantt,Operations,,2019-04-28,2.3
1188,Iqra,37,Female,Wah Cantt,Operations,138424,2019-08-23,0.8
1352,Adeel,41,Male,Wah Cantt,Operations,129175,2019-11-07,0.4
1491,Mariam,35,Male,Faisalabad,Operations,,2019-01-02,13.4
1423,Hamza,36,Female,Karachi,Finance,195400,2025-08-19,15.1
1363,Ayesha,,Female,Karachi,Engineering,,2022-04-05,12.2
1260,Fatima,22,Male,Rawalpindi,Finance,150099,2020-08-28,
1178,Fahad,55,Female,Islamabad,Sales,54275,2023-08-28,15.3
1759,Iqra,51,Female,Islamabad,Marketing,176203,2025-07-13,13.4
1548,Asad,48,Female,Lahore,Sales,191830,,15.4
1394,Talha,27,Male,Karachi,Sales,188513,2025-11-10,
1130,Usman,48,Female,Multan,HR,,2018-08-19,10.1
1756,Fahad,24,Male,Islamabad,Sales,,2021-02-18,
1750,Hamza,44,Female,Faisalabad,Marketing,,2020-08-26,
1099,Mahnoor,27,Male,Quetta,Engineering,212294,2024-04-01,1.8
1083,Sana,35,Female,Quetta,Engineering,,2023-09-13,17.3
1289,Mahnoor,,Female,Sialkot,Support,190108,2020-03-11,15.2
1703,Bilal,38,Female,Islamabad,Support,113746,2019-06-08,
1063,Iqra,35,Female,Peshawar,Marketing,59393,2020-06-26,13.8
1019,Zara,47,Male,Multan,Support,50889,2021-10-21,5.0
1586,Noor,41,Male,Faisalabad,HR,119302,,3.5
1444,Noor,44,Male,Sialkot,Finance,37553,2022-09-23,
1666,Sadia,47,Male,Quetta,Support,143118,2021-03-21,
1328,Fahad,53,Female,Wah Cantt,Support,,,15.2
1658,Sara,49,,Faisalabad,Finance,104892,2025-10-21,11.8
1250,Waleed,31,Female,Islamabad,HR,195984,,8.6
1744,Sadia,30,,Islamabad,Finance,182074,2025-03-22,
1631,Hamza,43,Female,Multan,Marketing,,2025-03-02,10.3
1380,Hamza,30,Male,Quetta,Engineering,216035,2020-04-15,0.6
1202,Kashif,27,,Karachi,Finance,168791,2018-08-16,2.6
1613,Ali,34,Male,Karachi,Sales,206903,,
1776,Usman,22,Male,Sialkot,Operations,169512,,17.7
1251,Saad,33,Male,,Sales,186348,2024-01-09,7.3
1163,Amna,42,Female,Sialkot,Marketing,113631,2025-12-25,
1506,Hira,,Female,Sialkot,HR,129178,2025-09-19,
1373,Zain,27,Male,Quetta,HR,123587,2022-08-25,
1688,Anum,,Female,Islamabad,Finance,,2022-04-10,19.6
1522,Omar,43,Male,Rawalpindi,Sales,111764,2019-07-06,13.9
1002,Fahad,37,Female,Sialkot,Support,124194,2019-09-29,19.1
1580,Bilal,49,Male,Karachi,Support,135706,2021-05-09,17.9
1721,Hira,26,Male,Quetta,Engineering,,2024-11-02,16.5
1100,Ali,36,Female,Quetta,Support,211377,2024-07-22,16.4
1240,Fahad,35,Male,Faisalabad,Sales,130686,2024-04-28,
1656,Zara,57,Male,Quetta,Support,147236,2022-01-03,7.0
1572,Hira,27,Male,Peshawar,Marketing,,2020-01-27,13.9
1170,Sara,21,Female,Karachi,Support,205689,2024-06-01,12.4
1036,Talha,41,Male,Faisalabad,Marketing,,2022-06-26,6.6
1596,Mariam,46,Male,Quetta,Marketing,,2023-06-08,17.8
1497,Bilal,44,Female,Wah Cantt,Marketing,111675,2020-08-04,10.2
1287,Hamza,,Female,Faisalabad,Operations,82014,2023-10-14,19.1
1192,Omar,38,Male,Wah Cantt,Sales,175286,2019-12-19,17.6
1145,Zara,34,Male,Karachi,Engineering,73285,2018-06-06,18.3
1232,Noor,,Male,Islamabad,Marketing,99605,2018-12-03,3.1
1156,Rabia,47,Female,Peshawar,Marketing,177992,2021-08-08,1.6
1608,Waleed,,Male,Quetta,Operations,127461,2023-08-25,5.5
1614,Asad,55,Male,Quetta,Marketing,115345,2020-11-30,9.7
1131,Kashif,48,Female,Peshawar,Sales,55114,,10.1
1089,Sadia,54,Male,Islamabad,Operations,176824,2024-12-04,4.7
1372,Iqra,53,Female,Faisalabad,Engineering,164085,2022-08-04,5.1
1283,Rabia,37,Male,Karachi,Support,,2018-09-19,
1712,Ali,,Female,Faisalabad,Marketing,184272,2018-07-28,0.2
1275,Mariam,,Female,Quetta,HR,207597,2020-04-21,12.1
1746,Hina,21,Male,Lahore,Engineering,,2024-10-21,8.0
1153,Sara,38,Female,Faisalabad,Support,117731,2023-10-13,
1388,Zain,53,Female,Wah Cantt,Sales,65073,2022-12-31,
1042,Hira,40,Male,Multan,Operations,169001,2019-11-27,
1437,Sana,32,Female,Wah Cantt,Support,95085,,7.1
1507,Sana,43,Male,Karachi,Finance,71048,2020-03-02,0.6
1195,Hina,49,Female,Lahore,Sales,,2025-07-25,3.5
1526,Ali,27,Male,Islamabad,Sales,,2022-08-26,0.9
1689,Usman,55,,Karachi,Support,,2023-07-12,17.6
1782,Ayesha,29,Male,Rawalpindi,Finance,46509,2020-03-26,5.7
1697,Kashif,,Male,Karachi,Support,,2023-01-30,
1708,Ayesha,20,Female,Quetta,Marketing,,2023-06-17,
1751,Talha,27,Female,Islamabad,HR,179997,2018-09-26,0.6
1389,Anum,35,Male,Quetta,Engineering,136155,2024-01-22,
1651,Hira,26,Male,Wah Cantt,HR,87935,2025-06-04,9.8
1376,Adeel,44,Female,Faisalabad,Sales,124878,2023-01-29,
1312,Usman,31,,Islamabad,Finance,,,
1026,Fahad,53,Male,Multan,Support,97570,2022-06-10,13.4
1216,Zain,32,Female,Lahore,Support,138974,2024-03-11,15.5
1595,Rabia,,,Lahore,Finance,87101,2020-07-31,6.5
1241,Hina,55,Male,,Support,149938,2025-10-08,16.4
1085,Sadia,29,Female,Lahore,Marketing,,2024-02-04,9.1
1193,Anum,22,Female,Wah Cantt,Marketing,44821,,12.1
1115,Noor,26,Male,Lahore,Engineering,,2024-04-19,13.4
1184,Junaid,44,Female,Rawalpindi,Engineering,85012,2022-12-12,8.4
1508,Anum,37,Female,Faisalabad,Finance,88624,2019-12-27,17.3
1246,Saad,52,Female,Wah Cantt,Support,62406,2022-08-31,2.3
1663,Noor,54,Male,Wah Cantt,Marketing,,2023-10-12,
1441,Omar,20,Male,Quetta,Support,120311,2024-11-14,3.7
1686,Zara,57,Male,Lahore,Finance,69918,2025-10-09,13.7
1103,Usman,44,Female,Faisalabad,Finance,188967,2022-08-27,
1540,Ali,50,Female,Sialkot,Operations,57575,2022-05-25,
1229,Anum,24,Female,Karachi,Marketing,183555,2025-08-05,6.6
1016,Amna,43,Male,Peshawar,Sales,99986,2018-09-20,
1768,Mahnoor,21,Female,Sialkot,HR,86610,2021-09-10,1.3
1584,Waleed,21,Female,Lahore,Marketing,38765,2025-02-04,18.1
1679,Waleed,39,,Islamabad,Engineering,76372,2023-10-17,16.9
1310,Sadia,43,Female,,Sales,188620,2021-10-10,6.5
1090,Mariam,25,Female,Lahore,Support,151307,2025-10-13,18.1
1597,Zain,49,Male,Peshawar,HR,154993,2025-02-01,19.5
1125,Sadia,,Female,Wah Cantt,Marketing,202809,2021-03-31,8.1
1101,Ayesha,34,Male,Sialkot,Operations,194929,2025-04-06,12.7
1369,Rabia,21,Male,Karachi,Finance,,2018-01-01,
1783,Rizwan,36,Male,Islamabad,HR,81803,2018-03-30,16.9
1159,Mariam,43,Male,Karachi,Finance,193621,2025-08-13,19.0
1239,Usman,39,Male,Lahore,Support,81566,2021-07-31,14.7
1371,Iqra,58,Female,Peshawar,Engineering,60542,2018-01-09,7.1
1607,Zara,43,Female,,Sales,181999,2019-07-21,4.8
1539,Saad,,Female,Lahore,Marketing,,2021-10-19,8.9
1259,Fahad,27,Female,Multan,Support,,2020-06-14,2.0
1120,Hina,43,Male,Karachi,HR,48791,,1.0
1565,Asad,51,Male,Islamabad,Engineering,202136,,14.7
1603,Zara,38,Male,Karachi,Support,210383,2019-10-25,
1633,Zara,29,Male,Multan,Sales,132783,2022-08-15,18.4
1128,Rizwan,42,Male,Islamabad,Operations,73389,2020-03-19,12.0
1664,Hina,21,Female,Wah Cantt,,90824,2021-01-02,16.2
1144,Asad,48,Male,Wah Cantt,Operations,,2022-03-12,7.7
1724,Mariam,50,Female,Rawalpindi,Engineering,57343,2022-03-06,7.2
1197,Ali,36,Female,Peshawar,Operations,121409,,0.2
1100,Ali,36,Female,Quetta,Support,211377,2024-07-22,16.4
1503,Fahad,54,Male,Sialkot,HR,147738,,18.3
1066,Hamza,57,Female,Karachi,HR,112659,2022-01-18,
1006,Saad,,Female,Quetta,HR,77834,2022-04-04,
1650,Ali,26,Male,Wah Cantt,HR,81948,2024-10-12,
1734,Adeel,35,Male,Multan,HR,129704,2019-02-06,14.2
1329,Anum,,Female,Multan,Marketing,142712,2022-04-18,11.4
1695,Rizwan,57,,Islamabad,Marketing,144161,2020-10-05,13.5
1227,Sana,47,,Karachi,Support,95231,,9.5
1254,Fatima,27,Female,Quetta,Finance,168909,,2.8
1055,Hira,29,Male,Islamabad,Engineering,182841,2023-03-20,15.3
1787,Sadia,28,,Karachi,Support,56340,,
1677,Saad,47,Female,Sialkot,Support,167732,2021-12-12,
1350,Ali,40,Male,Karachi,Engineering,199282,2020-07-15,6.2
1339,Sadia,42,Male,Peshawar,HR,,2024-12-29,11.7
1234,Usman,25,Female,Peshawar,HR,62077,2019-01-03,
1024,Sara,57,Male,Peshawar,Operations,,2018-11-25,1.4
1295,Hina,48,Male,Karachi,Sales,175489,2020-04-30,6.2
1424,Iqra,55,Female,Peshawar,Support,101526,2024-06-24,15.5
1533,Zara,48,Male,Peshawar,HR,80878,2022-03-13,15.6
1755,Hamza,58,Male,Rawalpindi,Operations,,2021-02-26,
1574,Junaid,23,Male,Karachi,Engineering,102695,2019-12-30,1.4
1284,Waleed,24,Male,Faisalabad,Finance,49533,2024-05-10,7.4
1137,Waleed,41,Male,Lahore,Support,168297,2018-03-16,6.2
1761,Kashif,20,Male,Faisalabad,HR,85203,2024-11-17,16.2
1644,Saad,38,Female,Islamabad,Operations,164423,2022-04-26,9.1
1243,Sana,57,Female,Rawalpindi,Finance,177513,2022-01-12,11.9
1690,Bilal,40,Female,Quetta,Support,65629,2018-06-30,10.0
1209,Mariam,22,Male,Sialkot,Operations,49796,2023-08-26,
1384,Rabia,52,Male,Faisalabad,Support,,2020-12-18,3.2
1155,Rizwan,45,Male,Wah Cantt,Marketing,165076,2022-02-13,5.3
1638,Junaid,47,Male,Wah Cantt,Finance,,2024-08-26,9.4
1303,Talha,28,Male,Karachi,HR,,2018-03-21,15.6
1510,Hira,54,Female,Multan,Operations,153386,2018-06-23,10.4
1636,Usman,,Male,Wah Cantt,Sales,114871,2019-05-01,2.6
1140,Rabia,48,Female,Multan,Marketing,,2021-03-13,4.7
1061,Junaid,,Male,Wah Cantt,HR,164579,2020-01-15,4.2
1081,Ayesha,,Female,,Operations,,2018-02-26,8.2
1249,Anum,35,Female,Islamabad,Operations,,2022-10-13,4.6
1610,Hira,43,Male,Quetta,Finance,56016,2020-01-03,19.2
1242,Amna,51,Female,Islamabad,Finance,207664,2022-09-30,
1316,Waleed,34,Male,Sialkot,Finance,112308,2021-07-29,19.0
1665,Anum,56,Male,Faisalabad,Finance,156238,2020-09-11,14.9
1021,Ayesha,23,Male,Lahore,Marketing,78597,2023-06-13,4.3
1729,Waleed,33,Male,Sialkot,Marketing,205067,2020-03-19,
1013,Hira,32,Female,Islamabad,Engineering,192009,2023-06-25,2.2
1515,Waleed,43,Male,,Engineering,,2019-10-17,11.0
1048,Omar,54,Male,Sialkot,Sales,135410,2025-12-03,1.3
1523,Omar,53,Male,Multan,Support,195446,,
1391,Ayesha,30,Female,Islamabad,Sales,90255,2025-09-08,16.7
1459,Waleed,35,Male,Multan,Operations,143240,2018-10-08,2.7
1670,Talha,28,Female,Wah Cantt,Sales,,2023-11-22,9.9
1343,Rabia,34,Female,Faisalabad,HR,167989,2019-11-28,3.6
1681,Zara,31,Male,Wah Cantt,Engineering,40435,,12.5
1493,Hira,29,Female,Sialkot,Finance,214662,2019-10-01,2.2
1325,Talha,22,,Multan,Finance,66531,2019-12-10,19.4
1743,Amna,46,Female,Islamabad,Sales,176818,2025-07-09,14.7
1340,Adeel,43,Female,Quetta,Operations,161284,2021-10-09,12.8
1136,Bilal,57,Female,Sialkot,Sales,,2025-12-13,6.2
1397,Ayesha,22,,Multan,Sales,,2018-12-15,4.2
1332,Usman,39,Male,Rawalpindi,Finance,193591,2020-02-09,4.2
1731,Junaid,30,Male,Sialkot,Support,98265,2022-09-28,2.2
1257,Waleed,51,Female,Wah Cantt,Engineering,163109,,0.6
1154,Sana,36,Male,Multan,HR,47531,2021-01-24,16.0
1732,Asad,43,Male,Faisalabad,Sales,47512,2023-01-13,11.4
1795,Zain,58,Female,Wah Cantt,Sales,113505,2021-11-20,
1104,Noor,37,Female,Peshawar,Engineering,151574,2022-01-25,19.6
1511,Rabia,22,Male,Multan,Operations,84768,2022-12-06,17.7
1308,Sara,25,Female,Peshawar,Engineering,,2023-05-12,
1145,Zara,34,Male,Karachi,Engineering,73285,2018-06-06,18.3
1223,Ali,20,Female,Karachi,Sales,,2021-01-30,19.5
1720,Iqra,34,Male,Wah Cantt,HR,,2020-12-31,
1747,Sana,21,Female,Wah Cantt,Finance,,2021-07-23,5.1
1713,Noor,,Female,Peshawar,Finance,162794,2023-06-15,
1673,Sana,35,Male,Multan,Finance,131400,,0.7
1067,Usman,37,Female,Islamabad,Marketing,217823,2025-02-25,2.1
1625,Fatima,50,Male,Quetta,Operations,58186,2022-08-05,
1772,Sara,,Female,Quetta,Operations,212619,2024-04-09,5.9
1217,Kashif,54,Female,Wah Cantt,Finance,169431,2023-03-24,16.1
1790,Kashif,35,Male,Sialkot,Support,,2019-10-06,5.1
1012,Hina,49,Male,Rawalpindi,Sales,168085,2025-01-05,
1323,Asad,,Female,Sialkot,Support,57467,2024-01-27,
1411,Adeel,36,Female,Multan,Marketing,127510,2023-06-18,17.7
1015,Amna,50,Female,Wah Cantt,Support,,2025-09-26,14.3
1177,Fatima,54,Female,Faisalabad,HR,104329,2022-07-10,0.9
1331,Anum,37,Male,Wah Cantt,HR,116513,2023-07-07,19.4
1365,Junaid,,Female,Faisalabad,Sales,,,1.9
1108,Usman,20,Female,Faisalabad,Operations,39136,2020-12-22,2.5
1218,Junaid,40,Female,Islamabad,HR,,2020-06-25,
1237,Noor,39,Male,Multan,Finance,99642,,3.9
1123,Fatima,33,Male,Peshawar,Operations,66453,2023-07-31,3.5
1438,Ayesha,25,Male,Sialkot,Support,161429,2024-12-17,
1404,Rizwan,54,Male,Islamabad,Marketing,54765,2023-09-09,
1554,Asad,43,Male,Multan,Marketing,70200,2018-10-21,2.9
1704,Noor,,Female,Islamabad,Marketing,,2019-03-17,8.5
1194,Fatima,49,Male,Wah Cantt,HR,167176,2021-01-22,16.2
1575,Hira,45,Female,Wah Cantt,Finance,176723,,12.9
1330,Sara,31,Male,Quetta,Marketing,45166,2021-09-19,1.0
1685,Rabia,32,Female,Karachi,Finance,42542,2020-12-08,12.4
1110,Sara,53,Male,Karachi,HR,50945,2022-07-04,13.7
1524,Bilal,,Female,Rawalpindi,Support,,,7.1
1742,Mahnoor,44,Male,Peshawar,Marketing,152946,2019-09-03,
1702,Bilal,22,Male,Sialkot,Engineering,204767,2023-07-22,
1623,Zara,44,Male,Multan,Marketing,127105,2022-12-31,1.8
1171,Sana,54,Female,Lahore,HR,214566,2021-05-03,1.5
1098,Mahnoor,54,Male,Rawalpindi,Operations,78134,2023-05-28,14.9
1225,Hamza,45,Female,Lahore,Marketing,183111,2025-10-26,6.0
1064,Amna,57,Female,Islamabad,Marketing,,2021-09-16,14.1
1196,Asad,47,Male,Lahore,Marketing,210441,2020-01-27,9.5
1345,Noor,41,Male,Rawalpindi,Marketing,156572,2023-04-12,
1014,Rizwan,39,Female,Islamabad,HR,57453,2018-10-11,15.3
1028,Rizwan,24,Female,Multan,Operations,,2025-11-21,
1431,Fatima,,Female,Rawalpindi,Engineering,,2020-03-07,
1016,Amna,43,Male,Peshawar,Sales,99986,2018-09-20,
1753,Kashif,25,Male,Quetta,Support,176673,2020-10-01,
1204,Bilal,22,Female,Sialkot,Sales,176862,2018-10-10,0.6
1244,Ayesha,35,Female,Karachi,Support,182644,2021-09-20,2.1
1383,Junaid,57,Male,Rawalpindi,Marketing,152654,2025-08-28,3.7
1741,Ali,27,Female,Quetta,Support,144464,2024-06-05,11.3
1770,Asad,23,Male,Islamabad,Marketing,,2022-12-02,
1386,Sana,56,Female,Sialkot,Support,172729,2020-01-24,
1049,Omar,54,Female,Peshawar,Support,145138,2024-07-20,
1004,Bilal,55,Female,Wah Cantt,HR,219699,2018-07-07,15.5
1612,Fatima,46,Male,Islamabad,Marketing,145134,2025-03-25,5.8
1053,Talha,40,Male,Lahore,Sales,134385,2022-09-23,16.7
1454,Sadia,50,Female,Rawalpindi,Engineering,,,
1315,Rabia,46,Female,Wah Cantt,Operations,,2022-03-18,
1399,Sadia,23,Male,Karachi,Marketing,111192,2020-10-23,
1105,Iqra,42,Male,Faisalabad,HR,67023,2019-01-11,
1535,Usman,26,Male,Multan,Finance,155420,2023-11-10,0.1
1048,Omar,54,Male,Sialkot,Sales,135410,2025-12-03,1.3
1452,Junaid,45,Male,Wah Cantt,Support,197031,2018-12-12,6.2
1698,Usman,33,Female,Lahore,Engineering,,2024-10-02,1.9
1545,Omar,55,Female,Quetta,HR,,2022-08-21,
1035,Talha,22,Female,Faisalabad,Marketing,126660,2020-07-21,0.5
1221,Sana,31,Female,Peshawar,Finance,54485,2018-01-27,2.7
1182,Iqra,,Female,Islamabad,Marketing,131562,2025-07-22,
1366,Sana,42,Male,Lahore,Operations,38052,2023-09-02,17.0
1451,Amna,36,Male,Lahore,Sales,62003,2018-09-19,11.0
1157,Fatima,,Female,Lahore,Engineering,127155,2018-06-23,12.3
1279,Adeel,38,Female,Rawalpindi,Marketing,,,3.1
1155,Rizwan,45,Male,Wah Cantt,Marketing,165076,2022-02-13,5.3
1079,Hamza,40,Male,Faisalabad,Engineering,,2023-03-08,
1172,Hina,48,Female,Sialkot,Support,,2019-08-12,17.2
1745,Iqra,56,,Multan,HR,,2018-03-18,
1547,Iqra,35,Male,Wah Cantt,Operations,,2024-09-07,6.5
1127,Sadia,39,Female,Karachi,Engineering,,2025-02-06,10.6
1301,Asad,45,Male,Quetta,Support,80300,2020-05-29,5.5
1141,Fatima,50,Female,Multan,Engineering,156026,2022-04-14,10.5
1102,Anum,39,Female,Peshawar,Support,44754,2023-07-11,
1621,Hira,,Male,Quetta,Engineering,86305,2018-12-09,17.0
1018,Hamza,51,Female,Multan,Finance,98700,2022-07-26,1.9
1174,Usman,26,Female,Sialkot,Finance,100082,,14.4
1165,Usman,25,Female,Islamabad,Support,172807,,1.5
1285,Junaid,,Female,Sialkot,Engineering,46544,2020-09-28,9.4
1482,Talha,20,Female,Multan,Marketing,170688,2021-05-21,6.0
1143,Sadia,27,Male,Islamabad,Operations,,2019-08-27,1.8
1448,Rizwan,25,Female,Sialkot,Finance,78928,,11.4
1248,Omar,24,Female,,Engineering,40920,2025-04-08,13.5
1672,Hamza,48,Male,Faisalabad,Engineering,,2022-03-15,6.3
1561,Rabia,,Male,Peshawar,Finance,186556,2024-06-04,13.1
1084,Junaid,46,Male,Rawalpindi,Engineering,109144,,20.0
1069,Talha,51,,Islamabad,Operations,74774,2024-04-24,1.7
1696,Ali,38,Male,Peshawar,Operations,119813,2018-04-29,9.2
1496,Sara,36,Female,Multan,Finance,,2021-01-16,9.3
1475,Sara,56,Female,Peshawar,Finance,47867,,14.4
1161,Ali,31,Male,Sialkot,Sales,103623,2025-11-23,
1139,Sara,,Male,Multan,Operations,75436,,16.2
1117,Mariam,26,Female,Peshawar,Engineering,,2020-07-15,
1256,Asad,,Female,Faisalabad,Sales,162037,2020-03-10,
1010,Sadia,27,Female,Peshawar,Support,191345,2022-04-26,11.9
1038,Noor,58,Female,Sialkot,HR,101773,2025-12-13,
1406,Rizwan,57,Male,Sialkot,Finance,139014,2023-08-19,
1199,Saad,27,Female,Quetta,Engineering,92443,2023-05-13,
1765,Zain,21,Male,Peshawar,Marketing,35512,2025-03-10,17.1
1351,Talha,,Female,Lahore,Sales,46984,2021-04-06,
1390,Asad,43,Male,Peshawar,Operations,46495,2025-04-22,6.4
1472,Iqra,43,Male,Lahore,Operations,83636,2024-12-13,15.5
1691,Rabia,43,Female,Wah Cantt,Support,170521,2022-11-20,6.3
1654,Sana,,Female,Rawalpindi,Finance,,2019-10-03,1.1
1074,Asad,29,Female,Lahore,Finance,,2021-03-28,2.5
1077,Sana,53,Male,Wah Cantt,Operations,201405,2019-01-09,7.0
1757,Mahnoor,40,Male,,Sales,106568,2025-06-05,6.8
1045,Rizwan,26,Female,Karachi,HR,,2020-10-17,9.1
1518,Sadia,51,Male,Peshawar,,97358,2024-08-08,9.1
1212,Saad,46,Male,Quetta,Operations,,2023-04-24,17.0
1258,Fatima,22,Female,Quetta,Sales,79094,2024-05-05,11.0
1168,Zara,53,Male,Karachi,Finance,,2021-01-29,
1461,Ali,31,Female,Rawalpindi,Marketing,149928,2020-08-11,3.0
1419,Adeel,27,Female,Rawalpindi,Marketing,,2018-01-05,10.4
1333,Rabia,51,Female,Peshawar,Operations,52201,2025-12-16,
1516,Junaid,30,,Rawalpindi,Support,77499,2020-01-03,8.4
1107,Omar,,Male,Faisalabad,Finance,,2020-10-23,2.2
1078,Omar,26,Male,Karachi,,110554,2024-03-03,9.1
1100,Ali,36,Female,Quetta,Support,211377,2024-07-22,16.4
1124,Iqra,34,Female,Faisalabad,HR,53894,2018-06-23,0.4
1566,Sara,36,Female,Lahore,HR,139528,2021-05-19,
1421,Hamza,50,Male,Multan,HR,102582,2018-01-23,11.6
1505,Kashif,37,Male,Wah Cantt,Marketing,83430,,
1222,Bilal,29,Male,Rawalpindi,Marketing,132832,,18.3
1714,Anum,51,Female,Peshawar,Marketing,,2021-07-17,1.3
1068,Fahad,38,Female,Multan,Sales,83329,2020-10-31,2.3
1682,Kashif,32,Female,Multan,Marketing,197006,2024-09-25,3.0
1098,Mahnoor,54,Male,Rawalpindi,Operations,78134,2023-05-28,14.9
1550,Talha,56,Male,Multan,Support,,2025-08-15,18.4
1643,Zain,52,Female,Rawalpindi,Support,67405,2019-03-28,2.7
1280,Fatima,25,Male,Sialkot,Operations,,2025-02-11,6.2
1161,Ali,31,Male,Sialkot,Sales,103623,2025-11-23,
1245,Hamza,34,Male,Lahore,Engineering,151858,2022-05-22,
1044,Sadia,24,Female,Islamabad,HR,217545,2023-07-18,4.9
1774,Ayesha,41,Male,Multan,Engineering,189091,2019-03-19,0.2
1402,Ali,40,Female,Karachi,Operations,107529,2019-07-05,17.6
1097,Fatima,48,,Multan,Marketing,58627,2021-08-31,3.5
1792,Noor,48,Female,Karachi,Support,165427,2021-01-23,0.5
1715,Rizwan,50,Female,Sialkot,Marketing,152525,2018-03-27,5.8
1187,Mariam,37,Female,Quetta,HR,110760,2025-09-28,6.3
1674,Saad,35,Female,Sialkot,Finance,202496,2025-09-07,10.7
1393,Iqra,,Female,Wah Cantt,HR,136720,2025-01-25,8.7
1468,Mariam,30,Male,Peshawar,Sales,198874,2018-09-02,
1785,Adeel,47,Female,Quetta,Marketing,84713,2023-12-22,13.9
1632,Junaid,,Female,Sialkot,Operations,117892,2021-01-16,
1183,Fatima,,Female,Wah Cantt,Sales,,2023-05-22,
1255,Noor,31,Female,Quetta,Sales,180467,2023-06-29,2.8
1425,Rabia,28,Female,Peshawar,Operations,61287,2023-09-14,
1179,Asad,27,Female,Islamabad,Support,,2022-02-06,
1627,Asad,57,Female,Lahore,HR,93856,2018-01-11,5.3
1799,Noor,45,Female,Lahore,Marketing,183787,2019-07-24,19.5
1304,Sana,54,Female,Karachi,Operations,136811,2020-01-07,6.4
1728,Talha,55,Male,Rawalpindi,Sales,,2024-11-05,14.0
1717,Rabia,44,Female,Islamabad,Operations,198012,2021-03-02,13.3
1355,Noor,48,Female,Islamabad,Finance,159360,2020-04-21,6.0
1467,Fahad,27,Female,Lahore,Support,187325,,3.1
1661,Zain,38,Female,Quetta,Marketing,,,1.9
1294,Saad,40,Male,Rawalpindi,Sales,54578,,2.2
1093,Kashif,36,Male,Multan,Operations,54362,,6.0
1754,Kashif,22,Male,Sialkot,Marketing,206195,2018-01-03,18.7
1040,Adeel,39,Male,Lahore,Marketing,180335,2020-02-25,13.3
1589,Saad,57,Female,Quetta,Finance,216497,2020-04-24,
1473,Omar,24,Male,Rawalpindi,,179563,2024-11-16,6.5
1471,Iqra,42,Male,Faisalabad,Operations,,2019-09-27,5.9
1502,Noor,,Male,Rawalpindi,Finance,193693,2023-01-14,2.6
1582,Mahnoor,54,Female,Quetta,Sales,39303,2021-10-21,6.8
1336,Hira,48,Female,Faisalabad,Marketing,125242,2020-11-25,5.7
1538,Usman,30,Female,Lahore,Operations,,2021-12-05,6.4
1252,Kashif,27,Female,Peshawar,Support,191492,2024-11-08,11.7
1619,Waleed,38,Female,Wah Cantt,Finance,183172,2021-10-19,14.6
1408,Zara,22,Female,Sialkot,Sales,104299,2020-08-16,
1065,Fatima,36,Female,Rawalpindi,Support,,2025-09-27,3.8
1456,Hamza,29,Male,Islamabad,HR,125147,2023-04-06,0.2
1146,Saad,28,Male,Quetta,Engineering,55768,2020-11-14,
1007,Mariam,40,Female,Rawalpindi,Support,140162,2018-09-29,
1206,Ayesha,31,Male,Peshawar,Marketing,93376,2018-04-04,
1282,Ayesha,20,Male,Islamabad,,,2023-10-20,3.3
1469,Mahnoor,26,Female,Sialkot,Support,181368,2022-12-02,0.4
1701,Rizwan,44,Male,Karachi,Support,58651,,3.7
1733,Kashif,41,,Karachi,Sales,126838,,13.4
1514,Fahad,32,Male,Karachi,Operations,216329,2019-05-22,2.3
1207,Noor,54,Female,Lahore,Marketing,125743,2021-02-03,18.7
1601,Mariam,57,,Islamabad,Finance,46593,2023-04-12,
1786,Hira,47,Female,Quetta,HR,175369,2019-09-01,4.9
1588,Usman,,Male,Islamabad,Marketing,162655,2018-01-27,3.6
1618,Anum,21,Female,Quetta,Marketing,118943,2018-01-18,19.5
1162,Fatima,51,Female,Peshawar,Marketing,153500,2025-12-31,19.9
1486,Anum,41,Female,Wah Cantt,Sales,,2018-02-16,
1680,Mahnoor,40,Female,Peshawar,Support,,2021-09-03,4.0
1726,Ali,48,Male,Multan,Sales,57224,2021-07-13,19.6
1442,Mariam,37,Male,Multan,Marketing,165749,2020-05-12,14.0
1317,Omar,30,Female,Sialkot,Finance,,2024-11-18,14.1
1121,Hamza,48,Female,Peshawar,Engineering,143575,2020-06-01,2.3
1133,Kashif,26,Male,Rawalpindi,Sales,45260,2025-12-08,
1211,Iqra,57,Female,Lahore,,47290,2025-03-20,15.7
1398,Zain,46,Male,Islamabad,Marketing,,2020-11-01,
1070,Ayesha,55,Female,Multan,Operations,153099,,19.8
1760,Asad,,Female,Sialkot,Sales,217722,2019-05-27,7.4
1489,Sana,56,Female,Lahore,Support,57302,2023-08-18,15.5
1428,Sara,31,Male,Lahore,Finance,,2021-03-17,
1549,Omar,51,Male,Peshawar,HR,187244,2019-08-24,9.1
1132,Fahad,55,Male,Wah Cantt,HR,,2023-05-03,3.0
1113,Sadia,55,Female,Peshawar,Sales,143478,2023-02-01,8.3
1160,Kashif,,Male,Peshawar,Finance,139342,2025-04-14,5.0
1400,Sana,41,Male,Faisalabad,Marketing,61226,2024-12-12,18.0
1420,Sadia,22,Female,Sialkot,Support,134938,,2.0
1334,Rizwan,56,Female,Rawalpindi,Finance,50106,2018-05-16,1.0
1175,Junaid,30,Male,Sialkot,,115882,2018-04-05,
1011,Adeel,36,Male,Peshawar,Engineering,,2020-12-28,2.2
1530,Rizwan,41,Female,Peshawar,HR,183096,2024-03-24,
1377,Saad,52,Female,Islamabad,Operations,87661,2024-12-31,13.7
1058,Mahnoor,22,Female,Rawalpindi,Support,,2025-04-06,0.3
1465,Sana,44,Male,Islamabad,Support,,2019-05-16,9.6
1145,Zara,34,Male,Karachi,Engineering,73285,2018-06-06,18.3
1536,Amna,58,Male,Sialkot,Support,,2025-05-23,0.4
1675,Sadia,48,Male,Islamabad,Finance,113876,2020-08-22,4.2
1298,Sadia,48,Female,Lahore,Support,156121,2019-07-27,0.2
1238,Usman,39,Male,Karachi,Operations,121387,2021-10-03,
1210,Omar,,Male,Islamabad,HR,,2020-06-24,6.0
1290,Usman,20,Male,Sialkot,Marketing,201708,2021-10-04,15.2
1395,Ayesha,38,Male,Multan,Engineering,134985,2025-05-30,
1071,Fahad,,Female,Multan,Operations,104375,2019-10-06,3.5
1203,Kashif,56,Female,Sialkot,Finance,40706,2020-11-08,
1191,Ayesha,28,Female,Islamabad,HR,206151,2023-05-10,15.1
1027,Kashif,40,Male,Quetta,Support,,2020-05-23,5.3
1500,Waleed,39,Male,Faisalabad,Engineering,199047,2022-05-05,18.9
1617,Zain,55,Male,Rawalpindi,Finance,132757,2024-01-21,10.7
1705,Kashif,56,Female,Karachi,HR,166974,2019-04-12,3.6
1032,Iqra,22,,Islamabad,Finance,147666,2018-06-21,7.3
1181,Usman,,Male,Islamabad,Sales,196611,2024-08-28,
