employee_id,name,age,gender,city,department,salary,join_date,years_experience
1648,Rabia,51.0,Unknown,Faisalabad,Operations,203776.0,2021-12-29,13.3
1579,Anum,42.0,Female,Lahore,Engineering,200746.0,2022-02-05,17.1
1407,Amna,30.0,Male,Peshawar,Operations,127510.62442040186,2024-05-06,14.7
1449,Bilal,30.0,Female,Islamabad,Support,206183.0,2025-12-19,12.1
1382,Noor,40.0,Female,Lahore,Finance,127510.62442040186,2022-12-20,18.2
1594,Sara,26.0,Female,Karachi,Operations,42619.0,2023-10-11,1.4
1773,Talha,39.21563342318059,Female,Sialkot,Sales,153859.0,2023-03-17,9.72381679389313
1738,Saad,33.0,Female,Rawalpindi,Operations,181545.0,Unknown,17.0
1611,Ayesha,30.0,Female,Sialkot,Finance,165109.0,2020-04-16,19.0
1517,Rabia,48.0,Female,Faisalabad,Marketing,88176.0,2024-12-25,0.2
1725,Usman,53.0,Female,Peshawar,Support,143372.0,2023-02-23,15.9
1198,Saad,35.0,Female,Sialkot,Finance,76868.0,2025-09-11,18.5
1527,Iqra,33.0,Male,Quetta,Sales,101694.0,2021-06-14,10.1
1678,Rabia,40.0,Male,Multan,Marketing,200191.0,2025-03-10,0.1
1164,Mariam,27.0,Male,Islamabad,Unknown,41890.0,Unknown,9.72381679389313
1201,Bilal,56.0,Female,Islamabad,Finance,127510.62442040186,2019-09-06,9.72381679389313
1214,Zain,41.0,Male,Peshawar,Finance,175413.0,2018-07-31,9.72381679389313
1488,Kashif,39.21563342318059,Male,Lahore,Engineering,148229.0,2022-06-04,2.6
1693,Hina,49.0,Female,Wah Cantt,Support,150741.0,2025-12-14,9.7
1462,Zain,41.0,Female,Wah Cantt,Support,156552.0,2021-09-14,16.9
1005,Sadia,34.0,Male,Faisalabad,Marketing,201640.0,2019-10-29,7.1
1052,Iqra,21.0,Unknown,Karachi,HR,57006.0,2019-07-10,3.6
1166,Waleed,24.0,Male,Peshawar,Marketing,127510.62442040186,Unknown,3.6
1338,Sana,28.0,Male,Quetta,Finance,194473.0,2025-12-29,8.5
1327,Bilal,44.0,Male,Islamabad,Operations,127510.62442040186,2023-02-20,9.72381679389313
1457,Junaid,50.0,Male,Faisalabad,Marketing,191500.0,2018-01-30,7.5
1149,Noor,39.21563342318059,Female,Islamabad,Finance,84103.0,2023-11-15,9.72381679389313
1247,Zara,39.0,Male,Multan,Support,126304.0,2019-02-04,14.4
1291,Sadia,39.0,Male,Peshawar,Marketing,145052.0,2018-09-03,14.2
1798,Sadia,55.0,Female,Peshawar,Marketing,115103.0,2023-08-10,6.8
1551,Saad,42.0,Unknown,Lahore,Marketing,68437.0,2018-09-13,18.0
1134,Adeel,30.0,Female,Multan,Engineering,142156.0,Unknown,1.0
1302,Rizwan,29.0,Female,Karachi,Marketing,165781.0,2024-03-05,1.2
1450,Hamza,48.0,Unknown,Multan,Sales,143524.0,2020-01-24,2.5
1116,Zara,47.0,Female,Multan,Finance,127181.0,2024-06-25,4.3
1009,Hamza,57.0,Unknown,Lahore,Finance,92493.0,2023-09-19,1.8
1148,Kashif,24.0,Female,Multan,Marketing,127510.62442040186,2024-06-13,14.4
1767,Sara,37.0,Female,Peshawar,Support,36352.0,2020-03-08,9.72381679389313
1667,Mariam,45.0,Female,Sialkot,HR,42262.0,2021-06-25,9.7
1443,Zara,45.0,Male,Wah Cantt,Marketing,185966.0,2019-02-14,9.72381679389313
1439,Sadia,37.0,Female,Faisalabad,Engineering,139301.0,2024-06-20,1.1
1737,Asad,30.0,Male,Multan,Operations,154986.0,2025-11-25,17.3
1622,Adeel,45.0,Female,Islamabad,Engineering,209788.0,2022-06-17,14.3
1793,Mariam,36.0,Female,Islamabad,Marketing,127510.62442040186,2024-02-18,15.7
1458,Rizwan,55.0,Male,Lahore,Operations,204342.0,2022-03-30,5.3
1344,Sana,28.0,Female,Wah Cantt,Engineering,206556.0,2020-06-29,4.5
1659,Talha,56.0,Male,Wah Cantt,Support,163020.0,2025-09-30,9.72381679389313
1313,Ayesha,51.0,Male,Sialkot,Marketing,125914.0,2019-11-19,16.4
1775,Fahad,39.21563342318059,Male,Lahore,Finance,128163.0,Unknown,8.9
1791,Usman,25.0,Male,Multan,HR,127510.62442040186,2018-06-18,10.2
1453,Rabia,38.0,Male,Multan,Engineering,42489.0,2025-06-10,17.2
1118,Hira,55.0,Male,Wah Cantt,Marketing,106636.0,2021-10-23,0.1
1736,Fahad,55.0,Male,Wah Cantt,Unknown,201844.0,2022-12-08,14.6
1322,Talha,31.0,Male,Peshawar,Marketing,151857.0,2020-12-14,9.3
1167,Noor,52.0,Female,Multan,Support,114724.0,2019-10-26,18.7
1599,Mariam,39.21563342318059,Female,Lahore,Engineering,127510.62442040186,2020-07-29,9.72381679389313
1091,Omar,23.0,Female,Peshawar,Operations,73160.0,2023-12-16,11.3
1490,Junaid,28.0,Female,Faisalabad,Operations,127510.62442040186,2020-03-14,9.72381679389313
1374,Ayesha,48.0,Unknown,Rawalpindi,HR,165764.0,2023-12-13,11.1
1046,Amna,53.0,Male,Multan,Support,178621.0,2019-10-14,9.0
1033,Rizwan,42.0,Female,Faisalabad,Operations,127510.62442040186,Unknown,15.0
1200,Zara,46.0,Female,Quetta,Operations,127510.62442040186,2018-12-02,8.9
1224,Adeel,47.0,Female,Karachi,Support,98168.0,2024-12-13,5.0
1324,Mariam,55.0,Male,Multan,Finance,175381.0,2024-06-03,9.5
1591,Zara,46.0,Female,Islamabad,HR,127510.62442040186,Unknown,9.72381679389313
1060,Hira,54.0,Male,Faisalabad,Operations,119490.0,2018-12-21,17.6
1405,Talha,57.0,Female,Islamabad,Support,127510.62442040186,2023-04-18,7.3
1512,Kashif,30.0,Female,Quetta,Operations,127510.62442040186,2019-08-06,16.6
1072,Hina,20.0,Male,Quetta,Finance,111351.0,2020-08-06,14.1
1436,Bilal,55.0,Female,Islamabad,HR,127510.62442040186,2021-01-07,18.9
1794,Ayesha,27.0,Female,Rawalpindi,Finance,122492.0,2025-07-28,5.0
1546,Hina,50.0,Male,Wah Cantt,Support,127510.62442040186,2022-11-01,11.3
1778,Asad,55.0,Female,Rawalpindi,Finance,87526.0,2018-10-08,3.8
1429,Adeel,53.0,Female,Multan,Finance,129303.0,2025-05-06,19.5
1142,Asad,39.21563342318059,Male,Karachi,Operations,203081.0,2022-03-01,9.72381679389313
1368,Asad,35.0,Male,Multan,Sales,58073.0,2023-01-06,2.4
1106,Ali,23.0,Female,Multan,Support,127510.62442040186,Unknown,4.3
1026,Fahad,53.0,Male,Multan,Support,97570.0,2022-06-10,13.4
1417,Anum,39.21563342318059,Unknown,Quetta,Sales,134145.0,2019-06-26,9.72381679389313
1463,Sara,37.0,Male,Sialkot,Finance,82606.0,2020-10-21,16.6
1215,Hira,22.0,Male,Faisalabad,Operations,160670.0,2021-09-25,19.1
1567,Mariam,44.0,Female,Wah Cantt,Finance,174052.0,2018-02-18,18.5
1349,Usman,47.0,Male,Rawalpindi,Support,135484.0,2018-06-04,4.0
1236,Amna,44.0,Male,Rawalpindi,HR,105361.0,2019-08-21,3.3
1671,Mariam,58.0,Male,Karachi,Engineering,96849.0,2020-06-11,2.1
1228,Anum,24.0,Female,Karachi,Finance,82016.0,2018-03-06,11.7
1180,Talha,52.0,Female,Rawalpindi,HR,122304.0,2023-10-29,9.72381679389313
1370,Waleed,39.0,Female,Multan,Marketing,124352.0,2018-08-11,16.9
1605,Sadia,24.0,Male,Peshawar,Finance,112749.0,Unknown,10.8
1305,Ali,37.0,Female,Peshawar,HR,188089.0,2019-10-16,5.0
1088,Rabia,29.0,Male,Sialkot,Finance,104474.0,2024-12-27,13.0
1626,Kashif,56.0,Male,Wah Cantt,Operations,127510.62442040186,2023-07-03,16.5
1039,Amna,32.0,Female,Quetta,Engineering,198356.0,2025-06-10,14.4
1780,Rizwan,22.0,Female,Islamabad,Engineering,216723.0,Unknown,4.3
1403,Kashif,42.0,Female,Islamabad,Operations,127510.62442040186,2018-12-02,17.2
1492,Zara,42.0,Male,Rawalpindi,HR,114906.0,Unknown,16.4
1789,Saad,51.0,Male,Rawalpindi,Marketing,127510.62442040186,2025-04-15,4.1
1504,Bilal,55.0,Female,Wah Cantt,Support,73147.0,2021-07-29,19.2
1446,Sana,26.0,Male,Wah Cantt,Finance,127510.62442040186,2024-04-02,6.9
1433,Mahnoor,52.0,Female,Wah Cantt,Finance,216978.0,Unknown,9.7
1692,Junaid,29.0,Male,Multan,HR,73960.0,2020-07-30,0.7
1076,Hira,36.0,Male,Sialkot,Marketing,211234.0,2024-06-18,15.3
1112,Saad,40.0,Male,Peshawar,Marketing,127510.62442040186,2022-10-29,15.9
1299,Usman,32.0,Female,Peshawar,HR,127510.62442040186,2020-11-26,0.4
1573,Fatima,49.0,Male,Faisalabad,Support,216461.0,2020-11-20,15.6
1727,Noor,23.0,Female,Rawalpindi,Support,185616.0,2025-01-31,19.5
1687,Saad,39.21563342318059,Male,Sialkot,Support,181014.0,2018-08-02,18.6
1037,Ayesha,36.0,Unknown,Wah Cantt,Finance,127510.62442040186,2022-11-15,14.6
1585,Kashif,39.21563342318059,Male,Wah Cantt,Engineering,127510.62442040186,2024-11-26,1.3
1570,Omar,31.0,Female,Lahore,Sales,52813.0,2022-08-12,10.5
1347,Usman,32.0,Female,Karachi,Marketing,72545.0,2020-01-09,9.8
1097,Fatima,48.0,Unknown,Multan,Marketing,58627.0,2021-08-31,3.5
1628,Ayesha,38.0,Female,Karachi,HR,42456.0,2021-02-09,19.9
1319,Rabia,54.0,Female,Quetta,Marketing,60143.0,Unknown,11.0
1509,Saad,40.0,Female,Rawalpindi,Marketing,127510.62442040186,2022-04-08,9.72381679389313
1050,Talha,50.0,Female,Quetta,Engineering,127510.62442040186,Unknown,18.0
1637,Saad,34.0,Male,Multan,Marketing,55605.0,2025-09-30,1.6
1151,Rabia,21.0,Male,Rawalpindi,Marketing,207255.0,2024-07-11,2.7
1326,Usman,22.0,Male,Peshawar,Operations,87931.0,2024-09-03,6.4
1190,Rabia,57.0,Female,Multan,Engineering,202233.0,2018-08-04,8.3
1749,Sara,40.0,Male,Peshawar,HR,137220.0,2021-08-03,8.3
1335,Saad,32.0,Female,Sialkot,Sales,201568.0,2025-08-22,4.8
1427,Hamza,34.0,Male,Peshawar,Finance,135748.0,2024-11-19,9.72381679389313
1318,Waleed,39.21563342318059,Female,Islamabad,Operations,61544.0,2020-04-21,9.72381679389313
1645,Amna,48.0,Female,Karachi,Marketing,147187.0,2018-10-13,18.8
1396,Mariam,28.0,Female,Peshawar,Finance,113133.0,2018-02-15,17.5
1598,Omar,28.0,Unknown,Peshawar,Engineering,70783.0,2023-03-22,8.4
1307,Anum,57.0,Female,Karachi,Finance,182615.0,2023-07-10,6.2
1556,Noor,55.0,Male,Faisalabad,Engineering,83704.0,2024-10-12,11.6
1281,Rabia,35.0,Female,Lahore,Operations,65405.0,Unknown,1.1
1412,Adeel,28.0,Female,Sialkot,Marketing,169883.0,2020-05-16,3.7
1226,Waleed,22.0,Male,Quetta,Operations,179887.0,2018-08-18,14.1
1292,Sara,34.0,Female,Sialkot,Support,155182.0,2024-07-06,10.1
1558,Fahad,50.0,Male,Peshawar,Engineering,127510.62442040186,2018-11-17,17.8
1477,Asad,37.0,Female,Sialkot,HR,55430.0,2023-10-29,2.0
1152,Iqra,41.0,Male,Sialkot,Support,200605.0,2019-07-07,14.3
1080,Zara,51.0,Female,Multan,Operations,178974.0,2021-03-25,17.6
1264,Junaid,45.0,Male,Wah Cantt,Operations,199577.0,2022-03-17,1.5
1476,Anum,33.0,Male,Sialkot,Engineering,127510.62442040186,2022-08-31,15.9
1084,Junaid,46.0,Male,Rawalpindi,Engineering,109144.0,Unknown,20.0
1534,Kashif,52.0,Female,Rawalpindi,Support,84862.0,2023-06-04,6.2
1528,Junaid,20.0,Male,Wah Cantt,Sales,127510.62442040186,2018-04-30,3.9
1710,Sadia,21.0,Female,Wah Cantt,Finance,205325.0,2022-11-20,3.8
1630,Ali,36.0,Unknown,Peshawar,Finance,118802.0,2025-10-10,7.1
1480,Amna,30.0,Male,Faisalabad,Support,179200.0,2022-03-03,15.3
1699,Hina,35.0,Male,Karachi,Support,77713.0,2022-07-07,12.9
1277,Adeel,20.0,Male,Multan,Engineering,183997.0,2022-02-05,13.7
1521,Hina,39.21563342318059,Unknown,Lahore,Sales,127510.62442040186,2022-01-15,1.9
1274,Rizwan,26.0,Female,Faisalabad,Engineering,127152.0,2021-07-12,5.0
1532,Hira,44.0,Female,Sialkot,Support,43291.0,2022-08-23,9.9
1474,Ayesha,26.0,Male,Faisalabad,Marketing,81829.0,2020-04-07,9.7
1136,Bilal,57.0,Female,Sialkot,Sales,127510.62442040186,2025-12-13,6.2
1464,Junaid,35.0,Male,Lahore,Finance,87213.0,2019-01-20,13.3
1553,Saad,44.0,Male,Faisalabad,Operations,208667.0,2023-04-30,3.8
1387,Hina,46.0,Female,Lahore,Finance,126593.0,2020-05-23,6.6
1739,Ayesha,39.21563342318059,Female,Faisalabad,Support,65865.0,2021-06-02,6.1
1707,Omar,31.0,Female,Islamabad,Support,211530.0,2022-11-12,0.4
1342,Waleed,51.0,Male,Wah Cantt,Marketing,136783.0,Unknown,16.3
1057,Talha,32.0,Unknown,Quetta,HR,61712.0,Unknown,9.72381679389313
1779,Saad,39.21563342318059,Male,Rawalpindi,Engineering,196507.0,2022-09-11,3.2
1023,Amna,51.0,Male,Peshawar,Operations,127510.62442040186,2024-01-30,15.0
1276,Rabia,45.0,Female,Islamabad,Unknown,136157.0,2020-09-14,12.8
1034,Sadia,30.0,Female,Wah Cantt,Sales,122080.0,2025-07-06,5.3
1253,Zara,39.21563342318059,Female,Multan,HR,127510.62442040186,2018-12-14,6.3
1460,Waleed,39.21563342318059,Male,Rawalpindi,Operations,84227.0,2018-03-21,9.72381679389313
1766,Noor,46.0,Female,Peshawar,HR,164911.0,2023-10-20,17.7
1314,Kashif,20.0,Male,Lahore,Sales,126876.0,2019-03-19,1.0
1730,Omar,44.0,Male,Sialkot,Sales,91029.0,2023-09-27,6.2
1358,Anum,33.0,Male,Islamabad,Engineering,38342.0,Unknown,13.4
1748,Ayesha,54.0,Female,Quetta,Marketing,101992.0,2019-09-24,19.0
1359,Bilal,52.0,Female,Karachi,Sales,154734.0,2020-12-17,1.0
1769,Ali,50.0,Male,Faisalabad,Engineering,100643.0,2019-03-18,4.8
1111,Saad,48.0,Male,Lahore,Finance,52218.0,Unknown,9.72381679389313
1700,Ayesha,39.0,Female,Sialkot,Marketing,129121.0,2022-02-14,4.0
1321,Hina,38.0,Female,Rawalpindi,Finance,139193.0,2023-06-27,9.72381679389313
1231,Hira,45.0,Male,Lahore,Operations,153109.0,2020-07-23,11.1
1186,Adeel,44.0,Female,Quetta,Sales,178202.0,2025-07-31,12.2
1054,Ali,54.0,Female,Quetta,Sales,205853.0,2018-05-08,4.0
1062,Omar,39.21563342318059,Male,Lahore,Sales,170430.0,2018-12-17,14.4
1555,Amna,47.0,Male,Peshawar,Finance,127510.62442040186,Unknown,9.72381679389313
1138,Omar,51.0,Female,Peshawar,Support,55228.0,2019-02-19,9.72381679389313
1235,Hira,40.0,Male,Peshawar,HR,136659.0,2024-04-10,11.4
1609,Zara,42.0,Female,Rawalpindi,Sales,127510.62442040186,2025-08-10,18.0
1263,Usman,46.0,Male,Wah Cantt,Marketing,218874.0,2020-10-19,14.2
1114,Omar,47.0,Male,Peshawar,Support,215046.0,2018-10-02,16.6
1722,Adeel,26.0,Female,Multan,Finance,76165.0,2025-12-10,15.2
1119,Fahad,45.0,Male,Lahore,HR,127510.62442040186,2020-05-31,8.4
1642,Anum,33.0,Female,Multan,Marketing,150255.0,2020-01-11,19.6
1271,Ali,20.0,Female,Rawalpindi,Marketing,160226.0,2020-07-26,1.8
1077,Sana,53.0,Male,Wah Cantt,Operations,201405.0,2019-01-09,7.0
1022,Rizwan,23.0,Male,Islamabad,Engineering,104521.0,2021-03-14,9.72381679389313
1683,Hina,56.0,Male,Peshawar,Operations,153936.0,2019-05-01,14.3
1752,Anum,21.0,Female,Faisalabad,Support,127510.62442040186,2025-04-22,6.1
1008,Rizwan,40.0,Female,Islamabad,Marketing,72452.0,2019-07-26,9.72381679389313
1353,Rabia,28.0,Male,Faisalabad,Engineering,67286.0,2025-12-22,7.5
1740,Ali,29.0,Unknown,Wah Cantt,Operations,114996.0,2020-06-02,16.4
1494,Mariam,29.0,Male,Wah Cantt,Engineering,114984.0,2023-04-14,9.72381679389313
1379,Amna,54.0,Female,Lahore,Operations,41624.0,2019-08-19,13.4
1758,Hira,41.0,Male,Karachi,Engineering,194589.0,2018-01-18,13.5
1262,Hira,54.0,Male,Unknown,Marketing,127510.62442040186,2020-12-31,19.7
1771,Ayesha,25.0,Female,Quetta,Support,216761.0,2019-06-07,18.4
1354,Junaid,39.21563342318059,Female,Multan,Operations,208531.0,2025-05-01,1.0
1375,Asad,57.0,Male,Karachi,Sales,68654.0,Unknown,12.1
1306,Hamza,54.0,Female,Wah Cantt,Engineering,128009.0,2019-12-23,11.9
1764,Fahad,31.0,Unknown,Multan,Sales,68405.0,2024-05-23,17.6
1025,Amna,35.0,Female,Karachi,HR,127510.62442040186,Unknown,9.72381679389313
1569,Mahnoor,26.0,Unknown,Islamabad,HR,212023.0,Unknown,9.72381679389313
1440,Sana,54.0,Male,Rawalpindi,Sales,214919.0,2023-02-16,14.0
1563,Hamza,36.0,Female,Peshawar,Sales,190128.0,2025-05-23,7.4
1109,Adeel,27.0,Female,Peshawar,Finance,127510.62442040186,2019-03-23,9.72381679389313
1455,Noor,53.0,Female,Rawalpindi,Support,176470.0,2019-01-02,6.2
1020,Iqra,48.0,Female,Wah Cantt,Engineering,156275.0,2018-11-05,9.72381679389313
1543,Hamza,43.0,Female,Sialkot,Engineering,120134.0,2023-06-20,1.3
1657,Mariam,35.0,Unknown,Islamabad,Sales,114930.0,2021-10-14,0.4
1270,Noor,25.0,Male,Peshawar,Support,55431.0,2024-08-28,10.4
1378,Saad,31.0,Female,Quetta,Operations,65252.0,2024-04-22,11.7
1568,Talha,40.0,Female,Karachi,HR,127510.62442040186,2025-04-24,6.7
1495,Zain,33.0,Male,Wah Cantt,Support,198326.0,2025-10-18,9.72381679389313
1367,Bilal,51.0,Female,Karachi,Engineering,127510.62442040186,2020-07-01,12.9
1797,Mahnoor,55.0,Male,Wah Cantt,HR,117070.0,2022-10-23,4.2
1173,Rabia,42.0,Male,Peshawar,Operations,118654.0,2023-03-26,5.3
1413,Hira,27.0,Female,Karachi,Engineering,161226.0,2023-05-17,11.8
1646,Hina,20.0,Female,Islamabad,Engineering,172012.0,2019-05-04,9.72381679389313
1723,Rabia,26.0,Female,Karachi,HR,67239.0,2022-12-04,15.4
1660,Mahnoor,41.0,Female,Multan,Operations,87889.0,2025-02-15,9.72381679389313
1410,Asad,39.21563342318059,Female,Karachi,Sales,133739.0,Unknown,13.1
1092,Hina,31.0,Male,Sialkot,Marketing,127510.62442040186,2019-08-10,9.2
1781,Rabia,41.0,Male,Lahore,Marketing,36763.0,2018-02-10,9.72381679389313
1447,Ayesha,39.21563342318059,Male,Wah Cantt,Sales,109608.0,2021-08-24,9.7
1470,Zara,28.0,Female,Karachi,Engineering,181544.0,2024-02-02,3.8
1445,Iqra,40.0,Female,Karachi,Operations,139438.0,2025-09-29,1.2
1163,Amna,42.0,Female,Sialkot,Marketing,113631.0,2025-12-25,9.72381679389313
1604,Ali,49.0,Male,Unknown,Marketing,83482.0,2025-01-11,14.1
1649,Sana,52.0,Male,Quetta,Operations,67031.0,2023-06-28,4.6
1261,Saad,39.21563342318059,Female,Lahore,HR,89164.0,Unknown,7.0
1647,Ayesha,30.0,Female,Faisalabad,Sales,127510.62442040186,2022-07-14,4.7
1544,Zara,50.0,Female,Multan,Marketing,127510.62442040186,2019-06-06,2.1
1121,Hamza,48.0,Female,Peshawar,Engineering,143575.0,2020-06-01,2.3
1763,Ayesha,39.21563342318059,Male,Wah Cantt,Engineering,179647.0,Unknown,9.72381679389313
1706,Asad,45.0,Male,Wah Cantt,HR,127510.62442040186,2023-02-07,12.5
1269,Hina,37.0,Female,Karachi,HR,132476.0,2018-08-01,12.5
1158,Hamza,23.0,Male,Multan,Operations,43163.0,2024-10-24,0.7
1115,Noor,26.0,Male,Lahore,Engineering,127510.62442040186,2024-04-19,13.4
1094,Saad,36.0,Female,Faisalabad,Engineering,161670.0,2020-08-29,9.72381679389313
1432,Ali,36.0,Female,Rawalpindi,Operations,181441.0,2023-08-23,6.8
1208,Sara,39.21563342318059,Male,Islamabad,Support,52639.0,2024-08-29,8.9
1278,Junaid,24.0,Unknown,Quetta,Sales,103730.0,2018-06-13,19.0
1615,Junaid,23.0,Female,Multan,Marketing,127510.62442040186,2019-10-21,5.7
1652,Iqra,41.0,Female,Karachi,Finance,147828.0,2022-04-21,6.3
1694,Ayesha,29.0,Female,Lahore,Support,109479.0,2019-11-21,9.72381679389313
1135,Bilal,41.0,Female,Multan,Engineering,109487.0,Unknown,17.5
1718,Hina,32.0,Female,Karachi,Finance,164427.0,2020-08-19,11.1
1286,Anum,29.0,Female,Islamabad,Finance,93855.0,2020-10-13,18.3
1487,Sara,40.0,Unknown,Sialkot,Operations,166701.0,2019-09-20,13.5
1564,Hamza,35.0,Female,Peshawar,Finance,124875.0,Unknown,18.7
1519,Bilal,39.21563342318059,Male,Lahore,Engineering,127510.62442040186,2020-04-30,3.7
1205,Hina,28.0,Female,Quetta,Sales,133958.0,2018-11-25,2.7
1592,Adeel,34.0,Male,Faisalabad,Operations,85782.0,2019-09-04,10.0
1001,Sara,21.0,Male,Sialkot,HR,182127.0,2025-04-15,8.4
1288,Rizwan,49.0,Female,Lahore,Finance,179989.0,2018-02-02,9.72381679389313
1169,Iqra,25.0,Female,Faisalabad,Support,127510.62442040186,2024-10-14,9.72381679389313
1655,Sana,57.0,Female,Multan,Operations,51101.0,2024-08-15,2.6
1578,Sana,47.0,Male,Sialkot,Engineering,35867.0,2025-09-24,9.72381679389313
1297,Usman,25.0,Female,Islamabad,Operations,212519.0,2020-12-01,0.6
1634,Ayesha,33.0,Male,Quetta,HR,127510.62442040186,2025-09-25,9.72381679389313
1484,Zara,57.0,Female,Karachi,HR,127510.62442040186,Unknown,18.4
1122,Ayesha,39.21563342318059,Female,Peshawar,Finance,46905.0,Unknown,1.1
1784,Ali,28.0,Female,Wah Cantt,Support,114972.0,2020-09-10,16.2
1341,Hamza,39.0,Male,Multan,Marketing,127510.62442040186,2022-07-14,13.6
1189,Zara,48.0,Female,Peshawar,Finance,176184.0,2024-04-21,9.72381679389313
1273,Waleed,30.0,Female,Peshawar,Support,127510.62442040186,2025-09-13,17.2
1219,Anum,39.21563342318059,Female,Peshawar,Support,86430.0,2020-07-31,11.4
1662,Hamza,39.21563342318059,Male,Islamabad,Support,89981.0,2018-11-11,10.1
1559,Mariam,50.0,Female,Rawalpindi,Finance,195704.0,2021-11-08,15.6
1414,Ali,35.0,Male,Wah Cantt,Operations,127510.62442040186,Unknown,2.9
1593,Amna,22.0,Female,Multan,Support,148946.0,Unknown,16.1
1266,Waleed,42.0,Female,Islamabad,Operations,147628.0,2023-07-20,6.5
1676,Anum,48.0,Female,Rawalpindi,Engineering,55996.0,2023-04-14,18.5
1541,Waleed,39.21563342318059,Female,Sialkot,Engineering,127510.62442040186,2018-11-18,11.4
1267,Omar,39.21563342318059,Male,Karachi,Operations,125109.0,2018-07-08,12.5
1311,Rabia,47.0,Male,Karachi,HR,127510.62442040186,2019-12-20,6.1
1381,Ayesha,55.0,Female,Sialkot,Marketing,168935.0,2025-10-09,18.5
1562,Mahnoor,21.0,Female,Islamabad,Marketing,167538.0,2021-02-12,2.7
1043,Omar,25.0,Female,Quetta,Finance,73627.0,2018-07-09,9.72381679389313
1577,Waleed,20.0,Male,Rawalpindi,Support,218515.0,Unknown,0.1
1031,Ali,41.0,Male,Islamabad,Engineering,179619.0,2024-04-16,2.2
1641,Bilal,39.21563342318059,Male,Peshawar,Operations,85213.0,2019-12-05,0.1
1051,Mariam,37.0,Female,Wah Cantt,Engineering,123114.0,2019-11-08,9.72381679389313
1531,Amna,41.0,Male,Sialkot,Engineering,43171.0,2022-03-17,9.72381679389313
1777,Usman,50.0,Male,Peshawar,Support,127510.62442040186,2024-07-30,9.72381679389313
1552,Ali,55.0,Female,Multan,HR,96667.0,Unknown,7.9
1602,Talha,50.0,Male,Wah Cantt,Marketing,127510.62442040186,2018-02-20,19.0
1583,Talha,27.0,Male,Quetta,Support,186872.0,2018-10-23,14.7
1172,Hina,48.0,Female,Sialkot,Support,127510.62442040186,2019-08-12,17.2
1141,Fatima,50.0,Female,Multan,Engineering,156026.0,2022-04-14,10.5
1416,Sadia,50.0,Female,Karachi,Finance,187737.0,2024-12-27,5.3
1735,Bilal,25.0,Female,Multan,Finance,91304.0,2018-11-16,13.5
1150,Iqra,52.0,Female,Karachi,Engineering,158243.0,2025-02-16,19.6
1485,Rabia,40.0,Female,Karachi,Support,191036.0,Unknown,7.6
1481,Asad,39.21563342318059,Female,Karachi,Operations,127510.62442040186,2020-11-06,19.2
1571,Zara,34.0,Male,Rawalpindi,Finance,127510.62442040186,2019-01-12,18.8
1479,Junaid,56.0,Male,Sialkot,Support,62289.0,2020-01-09,8.0
1418,Sadia,52.0,Male,Peshawar,Support,81510.0,Unknown,9.72381679389313
1796,Junaid,20.0,Male,Sialkot,Sales,94658.0,2020-05-09,9.72381679389313
1624,Rabia,46.0,Female,Islamabad,Support,143578.0,Unknown,1.7
1560,Kashif,52.0,Unknown,Karachi,Finance,127514.0,2021-03-30,9.72381679389313
1030,Zain,41.0,Male,Rawalpindi,Operations,100829.0,2019-01-14,16.6
1668,Noor,22.0,Female,Rawalpindi,HR,42639.0,2021-02-11,3.5
1320,Usman,23.0,Male,Rawalpindi,Finance,127510.62442040186,2023-05-22,1.9
1606,Mahnoor,39.21563342318059,Male,Peshawar,Finance,48516.0,2022-04-18,9.3
1027,Kashif,40.0,Male,Quetta,Support,127510.62442040186,2020-05-23,5.3
1230,Mahnoor,25.0,Female,Multan,Support,149580.0,2018-11-08,9.72381679389313
1056,Hira,58.0,Female,Sialkot,Operations,186698.0,Unknown,13.5
1581,Sana,25.0,Male,Peshawar,Finance,85618.0,2024-08-25,9.8
1513,Bilal,52.0,Female,Rawalpindi,HR,138040.0,2021-08-17,0.5
1557,Saad,52.0,Female,Sialkot,Finance,43771.0,2024-05-16,14.1
1501,Mariam,29.0,Male,Rawalpindi,HR,58014.0,Unknown,17.5
1590,Kashif,46.0,Female,Quetta,Finance,191309.0,Unknown,19.0
1095,Fatima,38.0,Male,Faisalabad,Sales,183354.0,2024-10-19,16.7
1620,Usman,55.0,Female,Wah Cantt,Marketing,196879.0,2023-01-01,1.8
1498,Rizwan,40.0,Female,Lahore,Marketing,127510.62442040186,2023-02-19,18.5
1087,Talha,29.0,Female,Multan,Engineering,61309.0,2019-02-13,18.2
1220,Sana,55.0,Male,Karachi,Operations,155803.0,2021-12-13,9.72381679389313
1147,Rabia,58.0,Female,Rawalpindi,Sales,97295.0,2019-05-15,9.72381679389313
1716,Sana,42.0,Female,Rawalpindi,Engineering,189051.0,2024-10-02,2.6
1268,Ali,27.0,Male,Quetta,Engineering,147145.0,2025-09-21,17.6
1213,Sadia,29.0,Female,Lahore,HR,127510.62442040186,2023-12-11,7.8
1653,Kashif,49.0,Female,Karachi,HR,78029.0,2022-10-31,6.2
1640,Ali,25.0,Male,Rawalpindi,Marketing,127327.0,Unknown,9.72381679389313
1000,Waleed,27.0,Male,Lahore,Engineering,71579.0,2025-08-03,1.7
1430,Hamza,45.0,Male,Lahore,Finance,170723.0,2025-11-22,9.72381679389313
1086,Sadia,32.0,Unknown,Sialkot,Sales,142682.0,2021-07-27,14.1
1003,Ayesha,25.0,Female,Faisalabad,Marketing,193263.0,2018-06-27,10.7
1385,Ali,41.0,Male,Faisalabad,Support,127510.62442040186,Unknown,16.9
1362,Kashif,37.0,Female,Wah Cantt,Engineering,64637.0,2025-10-22,19.6
1711,Junaid,49.0,Female,Rawalpindi,Marketing,65528.0,2019-09-17,19.3
1542,Asad,49.0,Male,Sialkot,HR,158350.0,2020-07-05,9.72381679389313
1073,Bilal,34.0,Unknown,Rawalpindi,Finance,146447.0,2024-02-09,13.0
1176,Kashif,35.0,Unknown,Faisalabad,Operations,48248.0,Unknown,17.6
1293,Bilal,39.21563342318059,Female,Faisalabad,Marketing,97068.0,2020-12-05,18.5
1401,Sana,48.0,Female,Quetta,Support,127510.62442040186,2022-02-01,19.2
1529,Anum,50.0,Female,Karachi,HR,161221.0,2025-01-13,9.72381679389313
1669,Rabia,51.0,Female,Islamabad,Support,192705.0,2018-09-18,17.9
1146,Saad,28.0,Male,Quetta,Engineering,55768.0,2020-11-14,9.72381679389313
1422,Adeel,20.0,Male,Quetta,Support,142176.0,2019-03-13,9.72381679389313
1360,Sadia,22.0,Female,Multan,Support,146672.0,2019-01-25,0.2
1466,Zain,43.0,Male,Rawalpindi,Marketing,200913.0,2021-08-22,3.3
1337,Sara,39.21563342318059,Male,Quetta,Engineering,212653.0,2021-01-07,10.3
1272,Ayesha,40.0,Female,Peshawar,Operations,69903.0,2018-10-08,9.72381679389313
1434,Junaid,41.0,Male,Faisalabad,HR,161345.0,2020-11-22,7.7
1154,Sana,36.0,Male,Multan,HR,47531.0,2021-01-24,16.0
1129,Hina,51.0,Unknown,Rawalpindi,Sales,127510.62442040186,Unknown,6.5
1520,Waleed,42.0,Male,Rawalpindi,HR,121798.0,2018-07-20,8.3
1478,Iqra,44.0,Male,Peshawar,HR,184429.0,2024-04-06,8.3
1096,Junaid,39.21563342318059,Female,Quetta,HR,197762.0,2025-08-08,12.6
1265,Talha,52.0,Female,Quetta,Operations,127510.62442040186,2018-01-11,14.6
1041,Amna,39.21563342318059,Unknown,Quetta,Marketing,178638.0,2021-05-29,9.72381679389313
1300,Zain,48.0,Male,Karachi,Sales,46192.0,2018-07-27,18.5
1639,Sara,24.0,Male,Karachi,Sales,192756.0,2024-08-03,3.7
1483,Zain,40.0,Male,Islamabad,Support,59716.0,2023-03-01,3.1
1537,Waleed,33.0,Male,Rawalpindi,Sales,127510.62442040186,2021-07-31,13.4
1364,Sana,51.0,Female,Multan,Support,51603.0,2025-05-06,9.72381679389313
1525,Hira,56.0,Male,Islamabad,Unknown,164107.0,2024-11-01,14.2
1047,Asad,37.0,Female,Islamabad,Marketing,106984.0,2018-11-14,4.7
1059,Asad,51.0,Female,Multan,Marketing,75105.0,2019-12-23,19.3
1435,Amna,34.0,Female,Faisalabad,Sales,218715.0,2020-10-13,1.9
1082,Asad,27.0,Female,Karachi,Support,165646.0,2023-09-16,8.3
1762,Mariam,51.0,Female,Faisalabad,Unknown,127510.62442040186,2020-05-06,3.9
1296,Sadia,27.0,Female,Peshawar,HR,127510.62442040186,2018-06-15,16.7
1587,Ayesha,37.0,Female,Lahore,Support,180072.0,2022-12-02,18.5
1392,Iqra,47.0,Male,Wah Cantt,Marketing,121957.0,2018-12-25,1.1
1409,Anum,43.0,Female,Quetta,Support,45460.0,2019-02-27,12.7
1426,Hira,23.0,Male,Lahore,Engineering,58878.0,Unknown,8.7
1348,Omar,23.0,Male,Faisalabad,Support,127510.62442040186,2019-10-11,15.7
1233,Rabia,44.0,Female,Wah Cantt,Finance,36361.0,2022-12-27,15.2
1309,Zain,28.0,Female,Lahore,Engineering,40744.0,2024-07-30,9.72381679389313
1788,Talha,52.0,Female,Multan,HR,81923.0,2025-12-28,10.5
1075,Saad,45.0,Male,Sialkot,Unknown,149755.0,2024-09-15,17.8
1616,Asad,29.0,Female,Rawalpindi,Support,127510.62442040186,2019-06-03,5.2
1576,Saad,36.0,Female,Sialkot,Marketing,184774.0,2023-01-01,17.9
1357,Sana,39.21563342318059,Male,Wah Cantt,Finance,128827.0,2021-04-24,0.8
1629,Hira,39.21563342318059,Female,Karachi,Operations,102609.0,2025-10-14,9.72381679389313
1346,Fahad,24.0,Male,Rawalpindi,Sales,213440.0,2023-12-11,8.3
1361,Amna,30.0,Female,Multan,Operations,59366.0,2021-11-04,2.3
1600,Sana,39.21563342318059,Female,Sialkot,Engineering,38802.0,2020-10-07,9.72381679389313
1185,Saad,33.0,Male,Quetta,Finance,51326.0,2023-10-26,11.2
1017,Mariam,57.0,Male,Sialkot,Engineering,95015.0,2018-05-09,1.4
1635,Saad,27.0,Male,Sialkot,Engineering,69401.0,2023-05-19,6.2
1719,Zara,36.0,Female,Karachi,Finance,51689.0,2022-10-30,12.4
1126,Hina,49.0,Male,Faisalabad,Operations,98783.0,2024-08-09,10.5
1684,Sadia,37.0,Female,Quetta,Marketing,148064.0,2024-09-23,19.9
1499,Sara,35.0,Female,Karachi,Operations,138127.0,2018-03-17,13.7
1415,Hamza,31.0,Male,Multan,Marketing,208472.0,2018-12-18,9.0
1709,Zara,45.0,Male,Multan,HR,38637.0,2019-04-04,13.9
1029,Ali,55.0,Female,Peshawar,Support,65258.0,2024-03-16,9.72381679389313
1356,Amna,53.0,Male,Wah Cantt,Operations,127510.62442040186,2019-04-28,2.3
1188,Iqra,37.0,Female,Wah Cantt,Operations,138424.0,2019-08-23,0.8
1352,Adeel,41.0,Male,Wah Cantt,Operations,129175.0,2019-11-07,0.4
1491,Mariam,35.0,Male,Faisalabad,Operations,127510.62442040186,2019-01-02,13.4
1423,Hamza,36.0,Female,Karachi,Finance,195400.0,2025-08-19,15.1
1363,Ayesha,39.21563342318059,Female,Karachi,Engineering,127510.62442040186,2022-04-05,12.2
1260,Fatima,22.0,Male,Rawalpindi,Finance,150099.0,2020-08-28,9.72381679389313
1178,Fahad,55.0,Female,Islamabad,Sales,54275.0,2023-08-28,15.3
1759,Iqra,51.0,Female,Islamabad,Marketing,176203.0,2025-07-13,13.4
1548,Asad,48.0,Female,Lahore,Sales,191830.0,Unknown,15.4
1394,Talha,27.0,Male,Karachi,Sales,188513.0,2025-11-10,9.72381679389313
1130,Usman,48.0,Female,Multan,HR,127510.62442040186,2018-08-19,10.1
1756,Fahad,24.0,Male,Islamabad,Sales,127510.62442040186,2021-02-18,9.72381679389313
1750,Hamza,44.0,Female,Faisalabad,Marketing,127510.62442040186,2020-08-26,9.72381679389313
1099,Mahnoor,27.0,Male,Quetta,Engineering,212294.0,2024-04-01,1.8
1083,Sana,35.0,Female,Quetta,Engineering,127510.62442040186,2023-09-13,17.3
1289,Mahnoor,39.21563342318059,Female,Sialkot,Support,190108.0,2020-03-11,15.2
1703,Bilal,38.0,Female,Islamabad,Support,113746.0,2019-06-08,9.72381679389313
1063,Iqra,35.0,Female,Peshawar,Marketing,59393.0,2020-06-26,13.8
1019,Zara,47.0,Male,Multan,Support,50889.0,2021-10-21,5.0
1586,Noor,41.0,Male,Faisalabad,HR,119302.0,Unknown,3.5
1444,Noor,44.0,Male,Sialkot,Finance,37553.0,2022-09-23,9.72381679389313
1666,Sadia,47.0,Male,Quetta,Support,143118.0,2021-03-21,9.72381679389313
1328,Fahad,53.0,Female,Wah Cantt,Support,127510.62442040186,Unknown,15.2
1658,Sara,49.0,Unknown,Faisalabad,Finance,104892.0,2025-10-21,11.8
1250,Waleed,31.0,Female,Islamabad,HR,195984.0,Unknown,8.6
1744,Sadia,30.0,Unknown,Islamabad,Finance,182074.0,2025-03-22,9.72381679389313
1631,Hamza,43.0,Female,Multan,Marketing,127510.62442040186,2025-03-02,10.3
1380,Hamza,30.0,Male,Quetta,Engineering,216035.0,2020-04-15,0.6
1202,Kashif,27.0,Unknown,Karachi,Finance,168791.0,2018-08-16,2.6
1613,Ali,34.0,Male,Karachi,Sales,206903.0,Unknown,9.72381679389313
1776,Usman,22.0,Male,Sialkot,Operations,169512.0,Unknown,17.7
1251,Saad,33.0,Male,Unknown,Sales,186348.0,2024-01-09,7.3
1506,Hira,39.21563342318059,Female,Sialkot,HR,129178.0,2025-09-19,9.72381679389313
1373,Zain,27.0,Male,Quetta,HR,123587.0,2022-08-25,9.72381679389313
1688,Anum,39.21563342318059,Female,Islamabad,Finance,127510.62442040186,2022-04-10,19.6
1522,Omar,43.0,Male,Rawalpindi,Sales,111764.0,2019-07-06,13.9
1002,Fahad,37.0,Female,Sialkot,Support,124194.0,2019-09-29,19.1
1580,Bilal,49.0,Male,Karachi,Support,135706.0,2021-05-09,17.9
1721,Hira,26.0,Male,Quetta,Engineering,127510.62442040186,2024-11-02,16.5
1100,Ali,36.0,Female,Quetta,Support,211377.0,2024-07-22,16.4
1240,Fahad,35.0,Male,Faisalabad,Sales,130686.0,2024-04-28,9.72381679389313
1656,Zara,57.0,Male,Quetta,Support,147236.0,2022-01-03,7.0
1572,Hira,27.0,Male,Peshawar,Marketing,127510.62442040186,2020-01-27,13.9
1170,Sara,21.0,Female,Karachi,Support,205689.0,2024-06-01,12.4
1036,Talha,41.0,Male,Faisalabad,Marketing,127510.62442040186,2022-06-26,6.6
1596,Mariam,46.0,Male,Quetta,Marketing,127510.62442040186,2023-06-08,17.8
1497,Bilal,44.0,Female,Wah Cantt,Marketing,111675.0,2020-08-04,10.2
1287,Hamza,39.21563342318059,Female,Faisalabad,Operations,82014.0,2023-10-14,19.1
1192,Omar,38.0,Male,Wah Cantt,Sales,175286.0,2019-12-19,17.6
1145,Zara,34.0,Male,Karachi,Engineering,73285.0,2018-06-06,18.3
1232,Noor,39.21563342318059,Male,Islamabad,Marketing,99605.0,2018-12-03,3.1
1156,Rabia,47.0,Female,Peshawar,Marketing,177992.0,2021-08-08,1.6
1608,Waleed,39.21563342318059,Male,Quetta,Operations,127461.0,2023-08-25,5.5
1614,Asad,55.0,Male,Quetta,Marketing,115345.0,2020-11-30,9.7
1131,Kashif,48.0,Female,Peshawar,Sales,55114.0,Unknown,10.1
1089,Sadia,54.0,Male,Islamabad,Operations,176824.0,2024-12-04,4.7
1372,Iqra,53.0,Female,Faisalabad,Engineering,164085.0,2022-08-04,5.1
1283,Rabia,37.0,Male,Karachi,Support,127510.62442040186,2018-09-19,9.72381679389313
1712,Ali,39.21563342318059,Female,Faisalabad,Marketing,184272.0,2018-07-28,0.2
1275,Mariam,39.21563342318059,Female,Quetta,HR,207597.0,2020-04-21,12.1
1746,Hina,21.0,Male,Lahore,Engineering,127510.62442040186,2024-10-21,8.0
1153,Sara,38.0,Female,Faisalabad,Support,117731.0,2023-10-13,9.72381679389313
1388,Zain,53.0,Female,Wah Cantt,Sales,65073.0,2022-12-31,9.72381679389313
1042,Hira,40.0,Male,Multan,Operations,169001.0,2019-11-27,9.72381679389313
1437,Sana,32.0,Female,Wah Cantt,Support,95085.0,Unknown,7.1
1507,Sana,43.0,Male,Karachi,Finance,71048.0,2020-03-02,0.6
1195,Hina,49.0,Female,Lahore,Sales,127510.62442040186,2025-07-25,3.5
1526,Ali,27.0,Male,Islamabad,Sales,127510.62442040186,2022-08-26,0.9
1689,Usman,55.0,Unknown,Karachi,Support,127510.62442040186,2023-07-12,17.6
1782,Ayesha,29.0,Male,Rawalpindi,Finance,46509.0,2020-03-26,5.7
1697,Kashif,39.21563342318059,Male,Karachi,Support,127510.62442040186,2023-01-30,9.72381679389313
1708,Ayesha,20.0,Female,Quetta,Marketing,127510.62442040186,2023-06-17,9.72381679389313
1751,Talha,27.0,Female,Islamabad,HR,179997.0,2018-09-26,0.6
1389,Anum,35.0,Male,Quetta,Engineering,136155.0,2024-01-22,9.72381679389313
1651,Hira,26.0,Male,Wah Cantt,HR,87935.0,2025-06-04,9.8
1376,Adeel,44.0,Female,Faisalabad,Sales,124878.0,2023-01-29,9.72381679389313
1312,Usman,31.0,Unknown,Islamabad,Finance,127510.62442040186,Unknown,9.72381679389313
1216,Zain,32.0,Female,Lahore,Support,138974.0,2024-03-11,15.5
1595,Rabia,39.21563342318059,Unknown,Lahore,Finance,87101.0,2020-07-31,6.5
1241,Hina,55.0,Male,Unknown,Support,149938.0,2025-10-08,16.4
1085,Sadia,29.0,Female,Lahore,Marketing,127510.62442040186,2024-02-04,9.1
1193,Anum,22.0,Female,Wah Cantt,Marketing,44821.0,Unknown,12.1
1184,Junaid,44.0,Female,Rawalpindi,Engineering,85012.0,2022-12-12,8.4
1508,Anum,37.0,Female,Faisalabad,Finance,88624.0,2019-12-27,17.3
1246,Saad,52.0,Female,Wah Cantt,Support,62406.0,2022-08-31,2.3
1663,Noor,54.0,Male,Wah Cantt,Marketing,127510.62442040186,2023-10-12,9.72381679389313
1441,Omar,20.0,Male,Quetta,Support,120311.0,2024-11-14,3.7
1686,Zara,57.0,Male,Lahore,Finance,69918.0,2025-10-09,13.7
1103,Usman,44.0,Female,Faisalabad,Finance,188967.0,2022-08-27,9.72381679389313
1540,Ali,50.0,Female,Sialkot,Operations,57575.0,2022-05-25,9.72381679389313
1229,Anum,24.0,Female,Karachi,Marketing,183555.0,2025-08-05,6.6
1016,Amna,43.0,Male,Peshawar,Sales,99986.0,2018-09-20,9.72381679389313
1768,Mahnoor,21.0,Female,Sialkot,HR,86610.0,2021-09-10,1.3
1584,Waleed,21.0,Female,Lahore,Marketing,38765.0,2025-02-04,18.1
1679,Waleed,39.0,Unknown,Islamabad,Engineering,76372.0,2023-10-17,16.9
1310,Sadia,43.0,Female,Unknown,Sales,188620.0,2021-10-10,6.5
1090,Mariam,25.0,Female,Lahore,Support,151307.0,2025-10-13,18.1
1597,Zain,49.0,Male,Peshawar,HR,154993.0,2025-02-01,19.5
1125,Sadia,39.21563342318059,Female,Wah Cantt,Marketing,202809.0,2021-03-31,8.1
1101,Ayesha,34.0,Male,Sialkot,Operations,194929.0,2025-04-06,12.7
1369,Rabia,21.0,Male,Karachi,Finance,127510.62442040186,2018-01-01,9.72381679389313
1783,Rizwan,36.0,Male,Islamabad,HR,81803.0,2018-03-30,16.9
1159,Mariam,43.0,Male,Karachi,Finance,193621.0,2025-08-13,19.0
1239,Usman,39.0,Male,Lahore,Support,81566.0,2021-07-31,14.7
1371,Iqra,58.0,Female,Peshawar,Engineering,60542.0,2018-01-09,7.1
1607,Zara,43.0,Female,Unknown,Sales,181999.0,2019-07-21,4.8
1539,Saad,39.21563342318059,Female,Lahore,Marketing,127510.62442040186,2021-10-19,8.9
1259,Fahad,27.0,Female,Multan,Support,127510.62442040186,2020-06-14,2.0
1120,Hina,43.0,Male,Karachi,HR,48791.0,Unknown,1.0
1565,Asad,51.0,Male,Islamabad,Engineering,202136.0,Unknown,14.7
1603,Zara,38.0,Male,Karachi,Support,210383.0,2019-10-25,9.72381679389313
1633,Zara,29.0,Male,Multan,Sales,132783.0,2022-08-15,18.4
1128,Rizwan,42.0,Male,Islamabad,Operations,73389.0,2020-03-19,12.0
1664,Hina,21.0,Female,Wah Cantt,Unknown,90824.0,2021-01-02,16.2
1144,Asad,48.0,Male,Wah Cantt,Operations,127510.62442040186,2022-03-12,7.7
1724,Mariam,50.0,Female,Rawalpindi,Engineering,57343.0,2022-03-06,7.2
1197,Ali,36.0,Female,Peshawar,Operations,121409.0,Unknown,0.2
1503,Fahad,54.0,Male,Sialkot,HR,147738.0,Unknown,18.3
1066,Hamza,57.0,Female,Karachi,HR,112659.0,2022-01-18,9.72381679389313
1006,Saad,39.21563342318059,Female,Quetta,HR,77834.0,2022-04-04,9.72381679389313
1650,Ali,26.0,Male,Wah Cantt,HR,81948.0,2024-10-12,9.72381679389313
1734,Adeel,35.0,Male,Multan,HR,129704.0,2019-02-06,14.2
1329,Anum,39.21563342318059,Female,Multan,Marketing,142712.0,2022-04-18,11.4
1695,Rizwan,57.0,Unknown,Islamabad,Marketing,144161.0,2020-10-05,13.5
1227,Sana,47.0,Unknown,Karachi,Support,95231.0,Unknown,9.5
1254,Fatima,27.0,Female,Quetta,Finance,168909.0,Unknown,2.8
1055,Hira,29.0,Male,Islamabad,Engineering,182841.0,2023-03-20,15.3
1787,Sadia,28.0,Unknown,Karachi,Support,56340.0,Unknown,9.72381679389313
1677,Saad,47.0,Female,Sialkot,Support,167732.0,2021-12-12,9.72381679389313
1350,Ali,40.0,Male,Karachi,Engineering,199282.0,2020-07-15,6.2
1339,Sadia,42.0,Male,Peshawar,HR,127510.62442040186,2024-12-29,11.7
1234,Usman,25.0,Female,Peshawar,HR,62077.0,2019-01-03,9.72381679389313
1024,Sara,57.0,Male,Peshawar,Operations,127510.62442040186,2018-11-25,1.4
1295,Hina,48.0,Male,Karachi,Sales,175489.0,2020-04-30,6.2
1424,Iqra,55.0,Female,Peshawar,Support,101526.0,2024-06-24,15.5
1533,Zara,48.0,Male,Peshawar,HR,80878.0,2022-03-13,15.6
1755,Hamza,58.0,Male,Rawalpindi,Operations,127510.62442040186,2021-02-26,9.72381679389313
1574,Junaid,23.0,Male,Karachi,Engineering,102695.0,2019-12-30,1.4
1284,Waleed,24.0,Male,Faisalabad,Finance,49533.0,2024-05-10,7.4
1137,Waleed,41.0,Male,Lahore,Support,168297.0,2018-03-16,6.2
1761,Kashif,20.0,Male,Faisalabad,HR,85203.0,2024-11-17,16.2
1644,Saad,38.0,Female,Islamabad,Operations,164423.0,2022-04-26,9.1
1243,Sana,57.0,Female,Rawalpindi,Finance,177513.0,2022-01-12,11.9
1690,Bilal,40.0,Female,Quetta,Support,65629.0,2018-06-30,10.0
1209,Mariam,22.0,Male,Sialkot,Operations,49796.0,2023-08-26,9.72381679389313
1384,Rabia,52.0,Male,Faisalabad,Support,127510.62442040186,2020-12-18,3.2
1155,Rizwan,45.0,Male,Wah Cantt,Marketing,165076.0,2022-02-13,5.3
1638,Junaid,47.0,Male,Wah Cantt,Finance,127510.62442040186,2024-08-26,9.4
1303,Talha,28.0,Male,Karachi,HR,127510.62442040186,2018-03-21,15.6
1510,Hira,54.0,Female,Multan,Operations,153386.0,2018-06-23,10.4
1636,Usman,39.21563342318059,Male,Wah Cantt,Sales,114871.0,2019-05-01,2.6
1140,Rabia,48.0,Female,Multan,Marketing,127510.62442040186,2021-03-13,4.7
1061,Junaid,39.21563342318059,Male,Wah Cantt,HR,164579.0,2020-01-15,4.2
1081,Ayesha,39.21563342318059,Female,Unknown,Operations,127510.62442040186,2018-02-26,8.2
1249,Anum,35.0,Female,Islamabad,Operations,127510.62442040186,2022-10-13,4.6
1610,Hira,43.0,Male,Quetta,Finance,56016.0,2020-01-03,19.2
1242,Amna,51.0,Female,Islamabad,Finance,207664.0,2022-09-30,9.72381679389313
1316,Waleed,34.0,Male,Sialkot,Finance,112308.0,2021-07-29,19.0
1665,Anum,56.0,Male,Faisalabad,Finance,156238.0,2020-09-11,14.9
1021,Ayesha,23.0,Male,Lahore,Marketing,78597.0,2023-06-13,4.3
1729,Waleed,33.0,Male,Sialkot,Marketing,205067.0,2020-03-19,9.72381679389313
1013,Hira,32.0,Female,Islamabad,Engineering,192009.0,2023-06-25,2.2
1515,Waleed,43.0,Male,Unknown,Engineering,127510.62442040186,2019-10-17,11.0
1048,Omar,54.0,Male,Sialkot,Sales,135410.0,2025-12-03,1.3
1523,Omar,53.0,Male,Multan,Support,195446.0,Unknown,9.72381679389313
1391,Ayesha,30.0,Female,Islamabad,Sales,90255.0,2025-09-08,16.7
1459,Waleed,35.0,Male,Multan,Operations,143240.0,2018-10-08,2.7
1670,Talha,28.0,Female,Wah Cantt,Sales,127510.62442040186,2023-11-22,9.9
1343,Rabia,34.0,Female,Faisalabad,HR,167989.0,2019-11-28,3.6
1681,Zara,31.0,Male,Wah Cantt,Engineering,40435.0,Unknown,12.5
1493,Hira,29.0,Female,Sialkot,Finance,214662.0,2019-10-01,2.2
1325,Talha,22.0,Unknown,Multan,Finance,66531.0,2019-12-10,19.4
1743,Amna,46.0,Female,Islamabad,Sales,176818.0,2025-07-09,14.7
1340,Adeel,43.0,Female,Quetta,Operations,161284.0,2021-10-09,12.8
1397,Ayesha,22.0,Unknown,Multan,Sales,127510.62442040186,2018-12-15,4.2
1332,Usman,39.0,Male,Rawalpindi,Finance,193591.0,2020-02-09,4.2
1731,Junaid,30.0,Male,Sialkot,Support,98265.0,2022-09-28,2.2
1257,Waleed,51.0,Female,Wah Cantt,Engineering,163109.0,Unknown,0.6
1732,Asad,43.0,Male,Faisalabad,Sales,47512.0,2023-01-13,11.4
1795,Zain,58.0,Female,Wah Cantt,Sales,113505.0,2021-11-20,9.72381679389313
1104,Noor,37.0,Female,Peshawar,Engineering,151574.0,2022-01-25,19.6
1511,Rabia,22.0,Male,Multan,Operations,84768.0,2022-12-06,17.7
1308,Sara,25.0,Female,Peshawar,Engineering,127510.62442040186,2023-05-12,9.72381679389313
1223,Ali,20.0,Female,Karachi,Sales,127510.62442040186,2021-01-30,19.5
1720,Iqra,34.0,Male,Wah Cantt,HR,127510.62442040186,2020-12-31,9.72381679389313
1747,Sana,21.0,Female,Wah Cantt,Finance,127510.62442040186,2021-07-23,5.1
1713,Noor,39.21563342318059,Female,Peshawar,Finance,162794.0,2023-06-15,9.72381679389313
1673,Sana,35.0,Male,Multan,Finance,131400.0,Unknown,0.7
1067,Usman,37.0,Female,Islamabad,Marketing,217823.0,2025-02-25,2.1
1625,Fatima,50.0,Male,Quetta,Operations,58186.0,2022-08-05,9.72381679389313
1772,Sara,39.21563342318059,Female,Quetta,Operations,212619.0,2024-04-09,5.9
1217,Kashif,54.0,Female,Wah Cantt,Finance,169431.0,2023-03-24,16.1
1790,Kashif,35.0,Male,Sialkot,Support,127510.62442040186,2019-10-06,5.1
1012,Hina,49.0,Male,Rawalpindi,Sales,168085.0,2025-01-05,9.72381679389313
1323,Asad,39.21563342318059,Female,Sialkot,Support,57467.0,2024-01-27,9.72381679389313
1411,Adeel,36.0,Female,Multan,Marketing,127510.0,2023-06-18,17.7
1015,Amna,50.0,Female,Wah Cantt,Support,127510.62442040186,2025-09-26,14.3
1177,Fatima,54.0,Female,Faisalabad,HR,104329.0,2022-07-10,0.9
1331,Anum,37.0,Male,Wah Cantt,HR,116513.0,2023-07-07,19.4
1365,Junaid,39.21563342318059,Female,Faisalabad,Sales,127510.62442040186,Unknown,1.9
1108,Usman,20.0,Female,Faisalabad,Operations,39136.0,2020-12-22,2.5
1218,Junaid,40.0,Female,Islamabad,HR,127510.62442040186,2020-06-25,9.72381679389313
1237,Noor,39.0,Male,Multan,Finance,99642.0,Unknown,3.9
1123,Fatima,33.0,Male,Peshawar,Operations,66453.0,2023-07-31,3.5
1438,Ayesha,25.0,Male,Sialkot,Support,161429.0,2024-12-17,9.72381679389313
1404,Rizwan,54.0,Male,Islamabad,Marketing,54765.0,2023-09-09,9.72381679389313
1554,Asad,43.0,Male,Multan,Marketing,70200.0,2018-10-21,2.9
1704,Noor,39.21563342318059,Female,Islamabad,Marketing,127510.62442040186,2019-03-17,8.5
1194,Fatima,49.0,Male,Wah Cantt,HR,167176.0,2021-01-22,16.2
1575,Hira,45.0,Female,Wah Cantt,Finance,176723.0,Unknown,12.9
1330,Sara,31.0,Male,Quetta,Marketing,45166.0,2021-09-19,1.0
1685,Rabia,32.0,Female,Karachi,Finance,42542.0,2020-12-08,12.4
1110,Sara,53.0,Male,Karachi,HR,50945.0,2022-07-04,13.7
1524,Bilal,39.21563342318059,Female,Rawalpindi,Support,127510.62442040186,Unknown,7.1
1742,Mahnoor,44.0,Male,Peshawar,Marketing,152946.0,2019-09-03,9.72381679389313
1702,Bilal,22.0,Male,Sialkot,Engineering,204767.0,2023-07-22,9.72381679389313
1623,Zara,44.0,Male,Multan,Marketing,127105.0,2022-12-31,1.8
1171,Sana,54.0,Female,Lahore,HR,214566.0,2021-05-03,1.5
1098,Mahnoor,54.0,Male,Rawalpindi,Operations,78134.0,2023-05-28,14.9
1225,Hamza,45.0,Female,Lahore,Marketing,183111.0,2025-10-26,6.0
1064,Amna,57.0,Female,Islamabad,Marketing,127510.62442040186,2021-09-16,14.1
1196,Asad,47.0,Male,Lahore,Marketing,210441.0,2020-01-27,9.5
1345,Noor,41.0,Male,Rawalpindi,Marketing,156572.0,2023-04-12,9.72381679389313
1014,Rizwan,39.0,Female,Islamabad,HR,57453.0,2018-10-11,15.3
1028,Rizwan,24.0,Female,Multan,Operations,127510.62442040186,2025-11-21,9.72381679389313
1431,Fatima,39.21563342318059,Female,Rawalpindi,Engineering,127510.62442040186,2020-03-07,9.72381679389313
1753,Kashif,25.0,Male,Quetta,Support,176673.0,2020-10-01,9.72381679389313
1204,Bilal,22.0,Female,Sialkot,Sales,176862.0,2018-10-10,0.6
1244,Ayesha,35.0,Female,Karachi,Support,182644.0,2021-09-20,2.1
1383,Junaid,57.0,Male,Rawalpindi,Marketing,152654.0,2025-08-28,3.7
1741,Ali,27.0,Female,Quetta,Support,144464.0,2024-06-05,11.3
1770,Asad,23.0,Male,Islamabad,Marketing,127510.62442040186,2022-12-02,9.72381679389313
1386,Sana,56.0,Female,Sialkot,Support,172729.0,2020-01-24,9.72381679389313
1049,Omar,54.0,Female,Peshawar,Support,145138.0,2024-07-20,9.72381679389313
1004,Bilal,55.0,Female,Wah Cantt,HR,219699.0,2018-07-07,15.5
1612,Fatima,46.0,Male,Islamabad,Marketing,145134.0,2025-03-25,5.8
1053,Talha,40.0,Male,Lahore,Sales,134385.0,2022-09-23,16.7
1454,Sadia,50.0,Female,Rawalpindi,Engineering,127510.62442040186,Unknown,9.72381679389313
1315,Rabia,46.0,Female,Wah Cantt,Operations,127510.62442040186,2022-03-18,9.72381679389313
1399,Sadia,23.0,Male,Karachi,Marketing,111192.0,2020-10-23,9.72381679389313
1105,Iqra,42.0,Male,Faisalabad,HR,67023.0,2019-01-11,9.72381679389313
1535,Usman,26.0,Male,Multan,Finance,155420.0,2023-11-10,0.1
1452,Junaid,45.0,Male,Wah Cantt,Support,197031.0,2018-12-12,6.2
1698,Usman,33.0,Female,Lahore,Engineering,127510.62442040186,2024-10-02,1.9
1545,Omar,55.0,Female,Quetta,HR,127510.62442040186,2022-08-21,9.72381679389313
1035,Talha,22.0,Female,Faisalabad,Marketing,126660.0,2020-07-21,0.5
1221,Sana,31.0,Female,Peshawar,Finance,54485.0,2018-01-27,2.7
1182,Iqra,39.21563342318059,Female,Islamabad,Marketing,131562.0,2025-07-22,9.72381679389313
1366,Sana,42.0,Male,Lahore,Operations,38052.0,2023-09-02,17.0
1451,Amna,36.0,Male,Lahore,Sales,62003.0,2018-09-19,11.0
1157,Fatima,39.21563342318059,Female,Lahore,Engineering,127155.0,2018-06-23,12.3
1279,Adeel,38.0,Female,Rawalpindi,Marketing,127510.62442040186,Unknown,3.1
1079,Hamza,40.0,Male,Faisalabad,Engineering,127510.62442040186,2023-03-08,9.72381679389313
1745,Iqra,56.0,Unknown,Multan,HR,127510.62442040186,2018-03-18,9.72381679389313
1547,Iqra,35.0,Male,Wah Cantt,Operations,127510.62442040186,2024-09-07,6.5
1127,Sadia,39.0,Female,Karachi,Engineering,127510.62442040186,2025-02-06,10.6
1301,Asad,45.0,Male,Quetta,Support,80300.0,2020-05-29,5.5
1102,Anum,39.0,Female,Peshawar,Support,44754.0,2023-07-11,9.72381679389313
1621,Hira,39.21563342318059,Male,Quetta,Engineering,86305.0,2018-12-09,17.0
1018,Hamza,51.0,Female,Multan,Finance,98700.0,2022-07-26,1.9
1174,Usman,26.0,Female,Sialkot,Finance,100082.0,Unknown,14.4
1165,Usman,25.0,Female,Islamabad,Support,172807.0,Unknown,1.5
1285,Junaid,39.21563342318059,Female,Sialkot,Engineering,46544.0,2020-09-28,9.4
1482,Talha,20.0,Female,Multan,Marketing,170688.0,2021-05-21,6.0
1143,Sadia,27.0,Male,Islamabad,Operations,127510.62442040186,2019-08-27,1.8
1448,Rizwan,25.0,Female,Sialkot,Finance,78928.0,Unknown,11.4
1248,Omar,24.0,Female,Unknown,Engineering,40920.0,2025-04-08,13.5
1672,Hamza,48.0,Male,Faisalabad,Engineering,127510.62442040186,2022-03-15,6.3
1561,Rabia,39.21563342318059,Male,Peshawar,Finance,186556.0,2024-06-04,13.1
1069,Talha,51.0,Unknown,Islamabad,Operations,74774.0,2024-04-24,1.7
1696,Ali,38.0,Male,Peshawar,Operations,119813.0,2018-04-29,9.2
1496,Sara,36.0,Female,Multan,Finance,127510.62442040186,2021-01-16,9.3
1475,Sara,56.0,Female,Peshawar,Finance,47867.0,Unknown,14.4
1161,Ali,31.0,Male,Sialkot,Sales,103623.0,2025-11-23,9.72381679389313
1139,Sara,39.21563342318059,Male,Multan,Operations,75436.0,Unknown,16.2
1117,Mariam,26.0,Female,Peshawar,Engineering,127510.62442040186,2020-07-15,9.72381679389313
1256,Asad,39.21563342318059,Female,Faisalabad,Sales,162037.0,2020-03-10,9.72381679389313
1010,Sadia,27.0,Female,Peshawar,Support,191345.0,2022-04-26,11.9
1038,Noor,58.0,Female,Sialkot,HR,101773.0,2025-12-13,9.72381679389313
1406,Rizwan,57.0,Male,Sialkot,Finance,139014.0,2023-08-19,9.72381679389313
1199,Saad,27.0,Female,Quetta,Engineering,92443.0,2023-05-13,9.72381679389313
1765,Zain,21.0,Male,Peshawar,Marketing,35512.0,2025-03-10,17.1
1351,Talha,39.21563342318059,Female,Lahore,Sales,46984.0,2021-04-06,9.72381679389313
1390,Asad,43.0,Male,Peshawar,Operations,46495.0,2025-04-22,6.4
1472,Iqra,43.0,Male,Lahore,Operations,83636.0,2024-12-13,15.5
1691,Rabia,43.0,Female,Wah Cantt,Support,170521.0,2022-11-20,6.3
1654,Sana,39.21563342318059,Female,Rawalpindi,Finance,127510.62442040186,2019-10-03,1.1
1074,Asad,29.0,Female,Lahore,Finance,127510.62442040186,2021-03-28,2.5
1757,Mahnoor,40.0,Male,Unknown,Sales,106568.0,2025-06-05,6.8
1045,Rizwan,26.0,Female,Karachi,HR,127510.62442040186,2020-10-17,9.1
1518,Sadia,51.0,Male,Peshawar,Unknown,97358.0,2024-08-08,9.1
1212,Saad,46.0,Male,Quetta,Operations,127510.62442040186,2023-04-24,17.0
1258,Fatima,22.0,Female,Quetta,Sales,79094.0,2024-05-05,11.0
1168,Zara,53.0,Male,Karachi,Finance,127510.62442040186,2021-01-29,9.72381679389313
1461,Ali,31.0,Female,Rawalpindi,Marketing,149928.0,2020-08-11,3.0
1419,Adeel,27.0,Female,Rawalpindi,Marketing,127510.62442040186,2018-01-05,10.4
1333,Rabia,51.0,Female,Peshawar,Operations,52201.0,2025-12-16,9.72381679389313
1516,Junaid,30.0,Unknown,Rawalpindi,Support,77499.0,2020-01-03,8.4
1107,Omar,39.21563342318059,Male,Faisalabad,Finance,127510.62442040186,2020-10-23,2.2
1078,Omar,26.0,Male,Karachi,Unknown,110554.0,2024-03-03,9.1
1124,Iqra,34.0,Female,Faisalabad,HR,53894.0,2018-06-23,0.4
1566,Sara,36.0,Female,Lahore,HR,139528.0,2021-05-19,9.72381679389313
1421,Hamza,50.0,Male,Multan,HR,102582.0,2018-01-23,11.6
1505,Kashif,37.0,Male,Wah Cantt,Marketing,83430.0,Unknown,9.72381679389313
1222,Bilal,29.0,Male,Rawalpindi,Marketing,132832.0,Unknown,18.3
1714,Anum,51.0,Female,Peshawar,Marketing,127510.62442040186,2021-07-17,1.3
1068,Fahad,38.0,Female,Multan,Sales,83329.0,2020-10-31,2.3
1682,Kashif,32.0,Female,Multan,Marketing,197006.0,2024-09-25,3.0
1550,Talha,56.0,Male,Multan,Support,127510.62442040186,2025-08-15,18.4
1643,Zain,52.0,Female,Rawalpindi,Support,67405.0,2019-03-28,2.7
1280,Fatima,25.0,Male,Sialkot,Operations,127510.62442040186,2025-02-11,6.2
1245,Hamza,34.0,Male,Lahore,Engineering,151858.0,2022-05-22,9.72381679389313
1044,Sadia,24.0,Female,Islamabad,HR,217545.0,2023-07-18,4.9
1774,Ayesha,41.0,Male,Multan,Engineering,189091.0,2019-03-19,0.2
1402,Ali,40.0,Female,Karachi,Operations,107529.0,2019-07-05,17.6
1792,Noor,48.0,Female,Karachi,Support,165427.0,2021-01-23,0.5
1715,Rizwan,50.0,Female,Sialkot,Marketing,152525.0,2018-03-27,5.8
1187,Mariam,37.0,Female,Quetta,HR,110760.0,2025-09-28,6.3
1674,Saad,35.0,Female,Sialkot,Finance,202496.0,2025-09-07,10.7
1393,Iqra,39.21563342318059,Female,Wah Cantt,HR,136720.0,2025-01-25,8.7
1468,Mariam,30.0,Male,Peshawar,Sales,198874.0,2018-09-02,9.72381679389313
1785,Adeel,47.0,Female,Quetta,Marketing,84713.0,2023-12-22,13.9
1632,Junaid,39.21563342318059,Female,Sialkot,Operations,117892.0,2021-01-16,9.72381679389313
1183,Fatima,39.21563342318059,Female,Wah Cantt,Sales,127510.62442040186,2023-05-22,9.72381679389313
1255,Noor,31.0,Female,Quetta,Sales,180467.0,2023-06-29,2.8
1425,Rabia,28.0,Female,Peshawar,Operations,61287.0,2023-09-14,9.72381679389313
1179,Asad,27.0,Female,Islamabad,Support,127510.62442040186,2022-02-06,9.72381679389313
1627,Asad,57.0,Female,Lahore,HR,93856.0,2018-01-11,5.3
1799,Noor,45.0,Female,Lahore,Marketing,183787.0,2019-07-24,19.5
1304,Sana,54.0,Female,Karachi,Operations,136811.0,2020-01-07,6.4
1728,Talha,55.0,Male,Rawalpindi,Sales,127510.62442040186,2024-11-05,14.0
1717,Rabia,44.0,Female,Islamabad,Operations,198012.0,2021-03-02,13.3
1355,Noor,48.0,Female,Islamabad,Finance,159360.0,2020-04-21,6.0
1467,Fahad,27.0,Female,Lahore,Support,187325.0,Unknown,3.1
1661,Zain,38.0,Female,Quetta,Marketing,127510.62442040186,Unknown,1.9
1294,Saad,40.0,Male,Rawalpindi,Sales,54578.0,Unknown,2.2
1093,Kashif,36.0,Male,Multan,Operations,54362.0,Unknown,6.0
1754,Kashif,22.0,Male,Sialkot,Marketing,206195.0,2018-01-03,18.7
1040,Adeel,39.0,Male,Lahore,Marketing,180335.0,2020-02-25,13.3
1589,Saad,57.0,Female,Quetta,Finance,216497.0,2020-04-24,9.72381679389313
1473,Omar,24.0,Male,Rawalpindi,Unknown,179563.0,2024-11-16,6.5
1471,Iqra,42.0,Male,Faisalabad,Operations,127510.62442040186,2019-09-27,5.9
1502,Noor,39.21563342318059,Male,Rawalpindi,Finance,193693.0,2023-01-14,2.6
1582,Mahnoor,54.0,Female,Quetta,Sales,39303.0,2021-10-21,6.8
1336,Hira,48.0,Female,Faisalabad,Marketing,125242.0,2020-11-25,5.7
1538,Usman,30.0,Female,Lahore,Operations,127510.62442040186,2021-12-05,6.4
1252,Kashif,27.0,Female,Peshawar,Support,191492.0,2024-11-08,11.7
1619,Waleed,38.0,Female,Wah Cantt,Finance,183172.0,2021-10-19,14.6
1408,Zara,22.0,Female,Sialkot,Sales,104299.0,2020-08-16,9.72381679389313
1065,Fatima,36.0,Female,Rawalpindi,Support,127510.62442040186,2025-09-27,3.8
1456,Hamza,29.0,Male,Islamabad,HR,125147.0,2023-04-06,0.2
1007,Mariam,40.0,Female,Rawalpindi,Support,140162.0,2018-09-29,9.72381679389313
1206,Ayesha,31.0,Male,Peshawar,Marketing,93376.0,2018-04-04,9.72381679389313
1282,Ayesha,20.0,Male,Islamabad,Unknown,127510.62442040186,2023-10-20,3.3
1469,Mahnoor,26.0,Female,Sialkot,Support,181368.0,2022-12-02,0.4
1701,Rizwan,44.0,Male,Karachi,Support,58651.0,Unknown,3.7
1733,Kashif,41.0,Unknown,Karachi,Sales,126838.0,Unknown,13.4
1514,Fahad,32.0,Male,Karachi,Operations,216329.0,2019-05-22,2.3
1207,Noor,54.0,Female,Lahore,Marketing,125743.0,2021-02-03,18.7
1601,Mariam,57.0,Unknown,Islamabad,Finance,46593.0,2023-04-12,9.72381679389313
1786,Hira,47.0,Female,Quetta,HR,175369.0,2019-09-01,4.9
1588,Usman,39.21563342318059,Male,Islamabad,Marketing,162655.0,2018-01-27,3.6
1618,Anum,21.0,Female,Quetta,Marketing,118943.0,2018-01-18,19.5
1162,Fatima,51.0,Female,Peshawar,Marketing,153500.0,2025-12-31,19.9
1486,Anum,41.0,Female,Wah Cantt,Sales,127510.62442040186,2018-02-16,9.72381679389313
1680,Mahnoor,40.0,Female,Peshawar,Support,127510.62442040186,2021-09-03,4.0
1726,Ali,48.0,Male,Multan,Sales,57224.0,2021-07-13,19.6
1442,Mariam,37.0,Male,Multan,Marketing,165749.0,2020-05-12,14.0
1317,Omar,30.0,Female,Sialkot,Finance,127510.62442040186,2024-11-18,14.1
1133,Kashif,26.0,Male,Rawalpindi,Sales,45260.0,2025-12-08,9.72381679389313
1211,Iqra,57.0,Female,Lahore,Unknown,47290.0,2025-03-20,15.7
1398,Zain,46.0,Male,Islamabad,Marketing,127510.62442040186,2020-11-01,9.72381679389313
1070,Ayesha,55.0,Female,Multan,Operations,153099.0,Unknown,19.8
1760,Asad,39.21563342318059,Female,Sialkot,Sales,217722.0,2019-05-27,7.4
1489,Sana,56.0,Female,Lahore,Support,57302.0,2023-08-18,15.5
1428,Sara,31.0,Male,Lahore,Finance,127510.62442040186,2021-03-17,9.72381679389313
1549,Omar,51.0,Male,Peshawar,HR,187244.0,2019-08-24,9.1
1132,Fahad,55.0,Male,Wah Cantt,HR,127510.62442040186,2023-05-03,3.0
1113,Sadia,55.0,Female,Peshawar,Sales,143478.0,2023-02-01,8.3
1160,Kashif,39.21563342318059,Male,Peshawar,Finance,139342.0,2025-04-14,5.0
1400,Sana,41.0,Male,Faisalabad,Marketing,61226.0,2024-12-12,18.0
1420,Sadia,22.0,Female,Sialkot,Support,134938.0,Unknown,2.0
1334,Rizwan,56.0,Female,Rawalpindi,Finance,50106.0,2018-05-16,1.0
1175,Junaid,30.0,Male,Sialkot,Unknown,115882.0,2018-04-05,9.72381679389313
1011,Adeel,36.0,Male,Peshawar,Engineering,127510.62442040186,2020-12-28,2.2
1530,Rizwan,41.0,Female,Peshawar,HR,183096.0,2024-03-24,9.72381679389313
1377,Saad,52.0,Female,Islamabad,Operations,87661.0,2024-12-31,13.7
1058,Mahnoor,22.0,Female,Rawalpindi,Support,127510.62442040186,2025-04-06,0.3
1465,Sana,44.0,Male,Islamabad,Support,127510.62442040186,2019-05-16,9.6
1536,Amna,58.0,Male,Sialkot,Support,127510.62442040186,2025-05-23,0.4
1675,Sadia,48.0,Male,Islamabad,Finance,113876.0,2020-08-22,4.2
1298,Sadia,48.0,Female,Lahore,Support,156121.0,2019-07-27,0.2
1238,Usman,39.0,Male,Karachi,Operations,121387.0,2021-10-03,9.72381679389313
1210,Omar,39.21563342318059,Male,Islamabad,HR,127510.62442040186,2020-06-24,6.0
1290,Usman,20.0,Male,Sialkot,Marketing,201708.0,2021-10-04,15.2
1395,Ayesha,38.0,Male,Multan,Engineering,134985.0,2025-05-30,9.72381679389313
1071,Fahad,39.21563342318059,Female,Multan,Operations,104375.0,2019-10-06,3.5
1203,Kashif,56.0,Female,Sialkot,Finance,40706.0,2020-11-08,9.72381679389313
1191,Ayesha,28.0,Female,Islamabad,HR,206151.0,2023-05-10,15.1
1500,Waleed,39.0,Male,Faisalabad,Engineering,199047.0,2022-05-05,18.9
1617,Zain,55.0,Male,Rawalpindi,Finance,132757.0,2024-01-21,10.7
1705,Kashif,56.0,Female,Karachi,HR,166974.0,2019-04-12,3.6
1032,Iqra,22.0,Unknown,Islamabad,Finance,147666.0,2018-06-21,7.3
1181,Usman,39.21563342318059,Male,Islamabad,Sales,196611.0,2024-08-28,9.72381679389313
